jacksonville,1,2022-11-07,@,Duke,L,44.0,71.0,18.0,53.0,0.34,3.0,23.0,0.13,5.0,5.0,1.0,6.0,23.0,12.0,5.0,3.0,11.0,18.0,27.0,59.0,0.458,10.0,29.0,0.345,7.0,11.0,0.636,15.0,42.0,19.0,6.0,3.0,12.0,12.0
jacksonville,2,2022-11-11,H,Johnson (Fl),W,85.0,34.0,35.0,62.0,0.565,9.0,20.0,0.45,6.0,12.0,0.5,12.0,47.0,23.0,7.0,4.0,9.0,10.0,14.0,62.0,0.226,3.0,25.0,0.12,3.0,4.0,0.75,7.0,24.0,5.0,3.0,0.0,12.0,14.0
jacksonville,3,2022-11-20,H,Voorhees,W,91.0,61.0,34.0,62.0,0.548,6.0,18.0,0.333,17.0,26.0,0.654,11.0,37.0,22.0,8.0,5.0,8.0,10.0,26.0,61.0,0.426,6.0,22.0,0.273,3.0,5.0,0.6,6.0,26.0,12.0,6.0,5.0,16.0,21.0
jacksonville,4,2022-11-23,@,Campbell,W,64.0,43.0,23.0,42.0,0.548,6.0,14.0,0.429,12.0,15.0,0.8,8.0,42.0,12.0,5.0,4.0,20.0,14.0,17.0,53.0,0.321,6.0,28.0,0.214,3.0,9.0,0.333,4.0,13.0,8.0,11.0,5.0,7.0,13.0
jacksonville,5,2022-11-30,@,UAB,L,61.0,80.0,22.0,55.0,0.4,9.0,24.0,0.375,8.0,12.0,0.667,7.0,30.0,15.0,7.0,3.0,16.0,10.0,30.0,72.0,0.417,11.0,27.0,0.407,9.0,12.0,0.75,16.0,43.0,16.0,7.0,2.0,11.0,12.0
jacksonville,6,2022-12-03,H,Trinity Baptist,W,74.0,39.0,29.0,59.0,0.492,9.0,22.0,0.409,7.0,10.0,0.7,9.0,37.0,16.0,7.0,0.0,10.0,5.0,12.0,43.0,0.279,8.0,21.0,0.381,7.0,10.0,0.7,3.0,17.0,6.0,8.0,0.0,18.0,9.0
jacksonville,7,2022-12-07,@,VCU,W,73.0,62.0,23.0,51.0,0.451,9.0,18.0,0.5,18.0,20.0,0.9,5.0,34.0,15.0,5.0,3.0,12.0,21.0,19.0,52.0,0.365,5.0,28.0,0.179,19.0,29.0,0.655,6.0,27.0,8.0,9.0,6.0,8.0,13.0
jacksonville,8,2022-12-10,@,UNC Wilmington,L,53.0,81.0,20.0,51.0,0.392,7.0,22.0,0.318,6.0,8.0,0.75,7.0,24.0,10.0,6.0,0.0,13.0,20.0,29.0,54.0,0.537,9.0,21.0,0.429,14.0,20.0,0.7,9.0,29.0,13.0,6.0,2.0,8.0,13.0
jacksonville,9,2022-12-17,H,Charleston Southern,W,72.0,63.0,26.0,50.0,0.52,10.0,24.0,0.417,10.0,18.0,0.556,7.0,27.0,18.0,5.0,3.0,6.0,12.0,25.0,58.0,0.431,8.0,29.0,0.276,5.0,7.0,0.714,10.0,29.0,13.0,4.0,0.0,10.0,15.0
jacksonville,10,2022-12-20,@,Louisiana-Monroe,W,66.0,55.0,24.0,56.0,0.429,9.0,29.0,0.31,9.0,10.0,0.9,7.0,36.0,16.0,8.0,2.0,13.0,12.0,19.0,56.0,0.339,5.0,25.0,0.2,12.0,16.0,0.75,6.0,28.0,10.0,7.0,5.0,11.0,11.0
jacksonville,11,2022-12-27,@,Notre Dame,L,43.0,59.0,17.0,49.0,0.347,4.0,15.0,0.267,5.0,6.0,0.833,5.0,37.0,6.0,5.0,4.0,16.0,11.0,25.0,62.0,0.403,7.0,27.0,0.259,2.0,4.0,0.5,5.0,29.0,13.0,7.0,4.0,7.0,8.0
jacksonville,12,2022-12-31,@,Florida Gulf Coast,L,65.0,72.0,24.0,55.0,0.436,10.0,26.0,0.385,7.0,9.0,0.778,5.0,26.0,17.0,7.0,2.0,10.0,13.0,24.0,54.0,0.444,11.0,29.0,0.379,13.0,16.0,0.813,10.0,32.0,16.0,4.0,5.0,8.0,12.0
jacksonville,13,2023-01-02,H,Jacksonville State,W,62.0,46.0,23.0,46.0,0.5,12.0,26.0,0.462,4.0,6.0,0.667,5.0,29.0,19.0,6.0,3.0,13.0,9.0,16.0,45.0,0.356,8.0,28.0,0.286,6.0,10.0,0.6,6.0,21.0,8.0,5.0,3.0,12.0,10.0
jacksonville,14,2023-01-05,@,Stetson,L,61.0,73.0,23.0,50.0,0.46,7.0,21.0,0.333,8.0,9.0,0.889,6.0,28.0,12.0,5.0,1.0,13.0,15.0,26.0,52.0,0.5,11.0,29.0,0.379,10.0,12.0,0.833,2.0,20.0,18.0,5.0,1.0,7.0,12.0
jacksonville,15,2023-01-07,H,Lipscomb,W,51.0,44.0,20.0,51.0,0.392,8.0,18.0,0.444,3.0,4.0,0.75,4.0,37.0,11.0,5.0,4.0,13.0,10.0,17.0,56.0,0.304,3.0,26.0,0.115,7.0,10.0,0.7,5.0,29.0,6.0,9.0,0.0,7.0,9.0
jacksonville,16,2023-01-12,@,Kennesaw State,L,68.0,81.0,26.0,55.0,0.473,4.0,18.0,0.222,12.0,20.0,0.6,7.0,25.0,14.0,6.0,1.0,14.0,20.0,28.0,47.0,0.596,7.0,19.0,0.368,18.0,26.0,0.692,4.0,27.0,18.0,6.0,5.0,11.0,20.0
jacksonville,17,2023-01-14,@,Jacksonville State,W,68.0,62.0,23.0,46.0,0.5,8.0,22.0,0.364,14.0,15.0,0.933,4.0,25.0,11.0,2.0,1.0,8.0,17.0,20.0,59.0,0.339,10.0,37.0,0.27,12.0,16.0,0.75,10.0,28.0,12.0,5.0,1.0,4.0,17.0
jacksonville,18,2023-01-19,H,Liberty,L,52.0,66.0,22.0,50.0,0.44,2.0,16.0,0.125,6.0,9.0,0.667,6.0,29.0,6.0,6.0,2.0,12.0,17.0,21.0,52.0,0.404,9.0,30.0,0.3,15.0,20.0,0.75,9.0,30.0,10.0,6.0,1.0,7.0,11.0
jacksonville,19,2023-01-21,H,Queens (NC),W,77.0,70.0,27.0,54.0,0.5,7.0,19.0,0.368,16.0,19.0,0.842,7.0,31.0,12.0,4.0,6.0,6.0,9.0,24.0,59.0,0.407,12.0,31.0,0.387,10.0,10.0,1.0,7.0,29.0,14.0,5.0,3.0,5.0,14.0
jacksonville,20,2023-01-26,@,North Alabama,L,62.0,80.0,22.0,49.0,0.449,7.0,18.0,0.389,11.0,16.0,0.688,5.0,24.0,11.0,1.0,1.0,9.0,15.0,27.0,52.0,0.519,8.0,24.0,0.333,18.0,19.0,0.947,5.0,27.0,11.0,6.0,3.0,4.0,14.0
jacksonville,21,2023-01-28,@,Central Arkansas,W,74.0,64.0,28.0,55.0,0.509,7.0,22.0,0.318,11.0,12.0,0.917,4.0,30.0,12.0,2.0,2.0,8.0,15.0,20.0,54.0,0.37,10.0,30.0,0.333,14.0,17.0,0.824,4.0,24.0,13.0,5.0,4.0,8.0,13.0
jacksonville,22,2023-02-02,H,North Florida,L,63.0,76.0,25.0,61.0,0.41,2.0,17.0,0.118,11.0,13.0,0.846,8.0,30.0,12.0,2.0,3.0,8.0,19.0,25.0,51.0,0.49,9.0,28.0,0.321,17.0,23.0,0.739,6.0,27.0,14.0,5.0,6.0,3.0,12.0
jacksonville,23,2023-02-04,@,North Florida,L,58.0,65.0,23.0,44.0,0.523,2.0,8.0,0.25,10.0,12.0,0.833,4.0,22.0,11.0,6.0,1.0,11.0,14.0,24.0,56.0,0.429,13.0,34.0,0.382,4.0,6.0,0.667,9.0,28.0,16.0,5.0,3.0,13.0,11.0
jacksonville-state,1,2022-11-07,H,Shorter,W,111.0,48.0,42.0,74.0,0.568,17.0,31.0,0.548,10.0,20.0,0.5,19.0,45.0,26.0,14.0,3.0,3.0,15.0,17.0,53.0,0.321,6.0,23.0,0.261,8.0,12.0,0.667,10.0,27.0,9.0,2.0,3.0,18.0,16.0
jacksonville-state,2,2022-11-14,@,UIC,L,60.0,67.0,24.0,64.0,0.375,4.0,20.0,0.2,8.0,10.0,0.8,10.0,42.0,11.0,5.0,2.0,19.0,26.0,19.0,55.0,0.345,7.0,25.0,0.28,22.0,31.0,0.71,8.0,32.0,13.0,8.0,5.0,17.0,16.0
jacksonville-state,3,2022-11-18,@,Alabama,L,62.0,104.0,19.0,54.0,0.352,9.0,24.0,0.375,15.0,21.0,0.714,7.0,22.0,9.0,6.0,0.0,13.0,21.0,34.0,66.0,0.515,21.0,46.0,0.457,15.0,21.0,0.714,17.0,45.0,23.0,6.0,5.0,13.0,20.0
jacksonville-state,4,2022-11-22,H,Elon,W,78.0,53.0,26.0,52.0,0.5,12.0,28.0,0.429,14.0,19.0,0.737,9.0,38.0,17.0,5.0,3.0,17.0,19.0,17.0,53.0,0.321,9.0,30.0,0.3,10.0,15.0,0.667,6.0,21.0,9.0,11.0,1.0,12.0,21.0
jacksonville-state,5,2022-11-25,@,New Mexico,L,61.0,79.0,22.0,58.0,0.379,10.0,24.0,0.417,7.0,11.0,0.636,4.0,27.0,13.0,6.0,4.0,13.0,22.0,28.0,63.0,0.444,3.0,15.0,0.2,20.0,28.0,0.714,10.0,38.0,14.0,6.0,2.0,8.0,13.0
jacksonville-state,6,2022-11-26,N,Northern Colorado,L (1 OT),82.0,86.0,31.0,66.0,0.47,8.0,24.0,0.333,12.0,19.0,0.632,13.0,34.0,10.0,6.0,3.0,13.0,22.0,27.0,57.0,0.474,13.0,34.0,0.382,19.0,21.0,0.905,6.0,27.0,13.0,7.0,4.0,12.0,22.0
jacksonville-state,7,2022-11-27,N,North Dakota State,W,81.0,71.0,27.0,58.0,0.466,12.0,25.0,0.48,15.0,18.0,0.833,10.0,37.0,16.0,9.0,5.0,12.0,14.0,22.0,54.0,0.407,12.0,29.0,0.414,15.0,17.0,0.882,4.0,22.0,16.0,6.0,1.0,12.0,16.0
jacksonville-state,8,2022-12-03,@,ETSU,W,63.0,61.0,19.0,44.0,0.432,12.0,26.0,0.462,13.0,15.0,0.867,4.0,26.0,13.0,4.0,3.0,13.0,11.0,25.0,58.0,0.431,8.0,26.0,0.308,3.0,5.0,0.6,8.0,27.0,15.0,11.0,2.0,10.0,11.0
jacksonville-state,9,2022-12-08,@,Utah,L,58.0,99.0,21.0,57.0,0.368,9.0,20.0,0.45,7.0,13.0,0.538,7.0,24.0,7.0,3.0,3.0,14.0,12.0,38.0,68.0,0.559,16.0,28.0,0.571,7.0,9.0,0.778,10.0,34.0,25.0,7.0,7.0,9.0,14.0
jacksonville-state,11,2022-12-17,H,Little Rock,W,72.0,62.0,26.0,58.0,0.448,5.0,21.0,0.238,15.0,20.0,0.75,10.0,34.0,13.0,7.0,1.0,12.0,16.0,20.0,50.0,0.4,5.0,22.0,0.227,17.0,21.0,0.81,5.0,22.0,10.0,5.0,1.0,13.0,20.0
jacksonville-state,12,2022-12-21,@,South Alabama,L,66.0,71.0,26.0,54.0,0.481,2.0,13.0,0.154,12.0,18.0,0.667,6.0,28.0,7.0,1.0,1.0,8.0,18.0,26.0,55.0,0.473,7.0,20.0,0.35,12.0,15.0,0.8,6.0,29.0,11.0,2.0,2.0,3.0,15.0
jacksonville-state,13,2022-12-27,H,Georgia Southwestern,W,78.0,73.0,23.0,51.0,0.451,10.0,24.0,0.417,22.0,25.0,0.88,10.0,24.0,13.0,11.0,4.0,16.0,11.0,31.0,55.0,0.564,3.0,8.0,0.375,8.0,13.0,0.615,7.0,25.0,14.0,9.0,1.0,18.0,18.0
jacksonville-state,14,2022-12-30,H,North Alabama,L,62.0,66.0,25.0,66.0,0.379,7.0,25.0,0.28,5.0,12.0,0.417,13.0,43.0,10.0,2.0,3.0,8.0,16.0,21.0,58.0,0.362,9.0,25.0,0.36,15.0,19.0,0.789,9.0,34.0,10.0,3.0,4.0,6.0,16.0
jacksonville-state,15,2023-01-02,@,Jacksonville,L,46.0,62.0,16.0,45.0,0.356,8.0,28.0,0.286,6.0,10.0,0.6,6.0,21.0,8.0,5.0,3.0,12.0,10.0,23.0,46.0,0.5,12.0,26.0,0.462,4.0,6.0,0.667,5.0,29.0,19.0,6.0,3.0,13.0,9.0
jacksonville-state,16,2023-01-05,@,Liberty,L,41.0,75.0,14.0,41.0,0.341,2.0,12.0,0.167,11.0,18.0,0.611,2.0,28.0,3.0,5.0,3.0,17.0,12.0,28.0,56.0,0.5,13.0,33.0,0.394,6.0,10.0,0.6,3.0,26.0,21.0,4.0,1.0,9.0,19.0
jacksonville-state,17,2023-01-07,H,Bellarmine,L,62.0,75.0,23.0,48.0,0.479,11.0,30.0,0.367,5.0,8.0,0.625,7.0,24.0,14.0,5.0,2.0,17.0,13.0,26.0,49.0,0.531,14.0,29.0,0.483,9.0,12.0,0.75,6.0,23.0,17.0,7.0,1.0,11.0,11.0
jacksonville-state,18,2023-01-12,H,North Florida,W,72.0,63.0,26.0,63.0,0.413,8.0,21.0,0.381,12.0,14.0,0.857,11.0,41.0,18.0,2.0,2.0,7.0,14.0,22.0,61.0,0.361,11.0,36.0,0.306,8.0,11.0,0.727,5.0,30.0,14.0,4.0,3.0,3.0,12.0
jacksonville-state,19,2023-01-14,H,Jacksonville,L,62.0,68.0,20.0,59.0,0.339,10.0,37.0,0.27,12.0,16.0,0.75,10.0,28.0,12.0,5.0,1.0,4.0,17.0,23.0,46.0,0.5,8.0,22.0,0.364,14.0,15.0,0.933,4.0,25.0,11.0,2.0,1.0,8.0,17.0
jacksonville-state,20,2023-01-19,@,Florida Gulf Coast,L,51.0,55.0,19.0,54.0,0.352,2.0,17.0,0.118,11.0,16.0,0.688,9.0,31.0,8.0,8.0,3.0,15.0,18.0,19.0,47.0,0.404,7.0,26.0,0.269,10.0,16.0,0.625,4.0,26.0,10.0,8.0,5.0,13.0,16.0
jacksonville-state,21,2023-01-21,@,Stetson,L,81.0,87.0,28.0,54.0,0.519,11.0,28.0,0.393,14.0,24.0,0.583,5.0,22.0,16.0,7.0,1.0,13.0,21.0,26.0,51.0,0.51,11.0,29.0,0.379,24.0,29.0,0.828,8.0,27.0,16.0,7.0,1.0,13.0,21.0
jacksonville-state,22,2023-01-26,H,Lipscomb,W,72.0,67.0,28.0,55.0,0.509,11.0,25.0,0.44,5.0,7.0,0.714,7.0,30.0,17.0,7.0,4.0,15.0,14.0,23.0,52.0,0.442,8.0,25.0,0.32,13.0,16.0,0.813,5.0,22.0,16.0,7.0,1.0,12.0,12.0
jacksonville-state,23,2023-01-28,H,Austin Peay,W,70.0,53.0,21.0,41.0,0.512,7.0,18.0,0.389,21.0,32.0,0.656,8.0,34.0,12.0,2.0,1.0,14.0,14.0,20.0,54.0,0.37,5.0,26.0,0.192,8.0,14.0,0.571,5.0,24.0,7.0,7.0,0.0,7.0,24.0
jacksonville-state,24,2023-02-02,@,Eastern Kentucky,L,67.0,69.0,24.0,62.0,0.387,11.0,28.0,0.393,8.0,12.0,0.667,13.0,40.0,13.0,5.0,2.0,15.0,16.0,27.0,59.0,0.458,7.0,23.0,0.304,8.0,12.0,0.667,5.0,26.0,16.0,5.0,7.0,9.0,15.0
jacksonville-state,25,2023-02-04,@,Bellarmine,L,64.0,71.0,21.0,48.0,0.438,5.0,18.0,0.278,17.0,26.0,0.654,8.0,30.0,10.0,5.0,1.0,15.0,25.0,21.0,44.0,0.477,9.0,21.0,0.429,20.0,25.0,0.8,2.0,22.0,14.0,6.0,1.0,17.0,25.0
james-madison,1,2022-11-07,H,Valley Forge,W,123.0,38.0,46.0,75.0,0.613,14.0,22.0,0.636,17.0,19.0,0.895,11.0,46.0,24.0,16.0,5.0,8.0,10.0,14.0,57.0,0.246,8.0,28.0,0.286,2.0,6.0,0.333,7.0,21.0,5.0,6.0,5.0,24.0,16.0
james-madison,2,2022-11-09,H,Hampton,W,106.0,58.0,40.0,66.0,0.606,11.0,20.0,0.55,15.0,22.0,0.682,12.0,50.0,21.0,6.0,5.0,12.0,17.0,21.0,65.0,0.323,8.0,28.0,0.286,8.0,20.0,0.4,10.0,27.0,11.0,2.0,0.0,12.0,20.0
james-madison,3,2022-11-12,@,Buffalo,W,97.0,62.0,29.0,56.0,0.518,7.0,18.0,0.389,32.0,41.0,0.78,11.0,37.0,15.0,14.0,2.0,25.0,23.0,18.0,56.0,0.321,4.0,22.0,0.182,22.0,25.0,0.88,8.0,24.0,10.0,16.0,6.0,29.0,25.0
james-madison,4,2022-11-15,@,Howard,W,95.0,69.0,38.0,64.0,0.594,14.0,25.0,0.56,5.0,9.0,0.556,11.0,34.0,13.0,13.0,1.0,17.0,11.0,30.0,61.0,0.492,5.0,19.0,0.263,4.0,5.0,0.8,4.0,16.0,14.0,10.0,1.0,19.0,13.0
james-madison,5,2022-11-20,@,UNC,L,64.0,80.0,24.0,69.0,0.348,7.0,27.0,0.259,9.0,17.0,0.529,8.0,30.0,8.0,4.0,1.0,9.0,21.0,27.0,61.0,0.443,8.0,25.0,0.32,18.0,24.0,0.75,11.0,48.0,14.0,4.0,1.0,12.0,22.0
james-madison,6,2022-11-25,N,Coastal Georgia,W,100.0,54.0,41.0,77.0,0.532,6.0,23.0,0.261,12.0,15.0,0.8,18.0,43.0,16.0,16.0,5.0,11.0,10.0,20.0,57.0,0.351,8.0,27.0,0.296,6.0,8.0,0.75,5.0,20.0,12.0,9.0,0.0,23.0,18.0
james-madison,7,2022-11-26,N,South Dakota State,W,79.0,60.0,31.0,62.0,0.5,8.0,19.0,0.421,9.0,15.0,0.6,8.0,31.0,14.0,14.0,2.0,16.0,15.0,22.0,52.0,0.423,8.0,25.0,0.32,8.0,11.0,0.727,8.0,28.0,10.0,2.0,4.0,21.0,15.0
james-madison,8,2022-11-27,N,Valparaiso,L (1 OT),79.0,81.0,22.0,54.0,0.407,5.0,15.0,0.333,30.0,42.0,0.714,8.0,27.0,8.0,8.0,2.0,12.0,18.0,33.0,66.0,0.5,7.0,22.0,0.318,8.0,13.0,0.615,10.0,35.0,12.0,6.0,0.0,17.0,32.0
james-madison,9,2022-12-02,H,Eastern Kentucky,W,97.0,80.0,36.0,59.0,0.61,9.0,23.0,0.391,16.0,21.0,0.762,8.0,32.0,16.0,9.0,2.0,15.0,17.0,30.0,69.0,0.435,10.0,29.0,0.345,10.0,18.0,0.556,15.0,32.0,12.0,9.0,3.0,14.0,17.0
james-madison,10,2022-12-06,@,Virginia,L,50.0,55.0,15.0,55.0,0.273,7.0,23.0,0.304,13.0,18.0,0.722,12.0,36.0,5.0,8.0,1.0,12.0,21.0,19.0,45.0,0.422,5.0,21.0,0.238,12.0,24.0,0.5,3.0,30.0,14.0,6.0,10.0,9.0,14.0
james-madison,11,2022-12-10,H,Gallaudet,W,106.0,43.0,39.0,79.0,0.494,15.0,45.0,0.333,13.0,19.0,0.684,19.0,48.0,31.0,19.0,2.0,8.0,16.0,13.0,51.0,0.255,4.0,20.0,0.2,13.0,18.0,0.722,7.0,28.0,7.0,3.0,1.0,24.0,14.0
james-madison,12,2022-12-18,H,LIU,W,115.0,79.0,45.0,76.0,0.592,12.0,23.0,0.522,13.0,25.0,0.52,14.0,35.0,23.0,16.0,2.0,13.0,20.0,28.0,58.0,0.483,8.0,21.0,0.381,15.0,20.0,0.75,9.0,29.0,13.0,11.0,2.0,29.0,21.0
james-madison,13,2022-12-21,@,Coppin State,L (2 OT),100.0,107.0,37.0,81.0,0.457,6.0,29.0,0.207,20.0,29.0,0.69,16.0,46.0,13.0,14.0,4.0,19.0,29.0,31.0,60.0,0.517,15.0,36.0,0.417,30.0,39.0,0.769,4.0,33.0,13.0,13.0,6.0,23.0,26.0
james-madison,14,2022-12-29,@,Georgia State,W,63.0,47.0,18.0,52.0,0.346,3.0,14.0,0.214,24.0,32.0,0.75,11.0,31.0,6.0,10.0,1.0,12.0,21.0,16.0,55.0,0.291,4.0,21.0,0.19,11.0,21.0,0.524,12.0,31.0,3.0,5.0,5.0,18.0,26.0
james-madison,15,2022-12-31,@,Marshall,W,72.0,66.0,27.0,51.0,0.529,5.0,14.0,0.357,13.0,23.0,0.565,5.0,35.0,9.0,7.0,2.0,15.0,18.0,26.0,63.0,0.413,4.0,17.0,0.235,10.0,21.0,0.476,11.0,34.0,16.0,10.0,7.0,11.0,17.0
james-madison,16,2023-01-05,H,Texas State,L,62.0,63.0,22.0,45.0,0.489,4.0,12.0,0.333,14.0,24.0,0.583,7.0,33.0,10.0,3.0,3.0,17.0,19.0,25.0,60.0,0.417,6.0,15.0,0.4,7.0,13.0,0.538,9.0,29.0,11.0,11.0,1.0,6.0,22.0
james-madison,17,2023-01-07,H,Appalachian State,L,62.0,71.0,20.0,57.0,0.351,4.0,26.0,0.154,18.0,23.0,0.783,11.0,34.0,12.0,8.0,0.0,15.0,16.0,25.0,58.0,0.431,7.0,25.0,0.28,14.0,17.0,0.824,8.0,36.0,12.0,8.0,3.0,15.0,20.0
james-madison,18,2023-01-12,@,South Alabama,L,62.0,63.0,23.0,59.0,0.39,3.0,19.0,0.158,13.0,18.0,0.722,9.0,31.0,6.0,15.0,4.0,10.0,11.0,25.0,58.0,0.431,9.0,25.0,0.36,4.0,6.0,0.667,9.0,31.0,12.0,6.0,6.0,19.0,14.0
james-madison,19,2023-01-14,H,Georgia Southern,W,83.0,71.0,26.0,47.0,0.553,11.0,20.0,0.55,20.0,26.0,0.769,3.0,26.0,13.0,6.0,1.0,13.0,20.0,27.0,61.0,0.443,5.0,18.0,0.278,12.0,18.0,0.667,10.0,32.0,8.0,7.0,1.0,13.0,18.0
james-madison,20,2023-01-19,@,Troy,W (1 OT),89.0,87.0,28.0,64.0,0.438,7.0,25.0,0.28,26.0,36.0,0.722,14.0,34.0,12.0,13.0,3.0,16.0,24.0,29.0,56.0,0.518,7.0,22.0,0.318,22.0,32.0,0.688,11.0,33.0,18.0,8.0,3.0,21.0,28.0
james-madison,21,2023-01-21,@,Southern Miss,L,70.0,83.0,23.0,54.0,0.426,9.0,24.0,0.375,15.0,21.0,0.714,10.0,23.0,11.0,6.0,2.0,12.0,19.0,32.0,53.0,0.604,6.0,13.0,0.462,13.0,19.0,0.684,7.0,26.0,23.0,10.0,3.0,11.0,19.0
james-madison,22,2023-01-26,H,Coastal Carolina,W,75.0,69.0,22.0,57.0,0.386,7.0,28.0,0.25,24.0,33.0,0.727,10.0,33.0,9.0,7.0,3.0,9.0,12.0,28.0,62.0,0.452,9.0,24.0,0.375,4.0,6.0,0.667,8.0,34.0,9.0,5.0,2.0,16.0,23.0
james-madison,23,2023-01-28,H,Louisiana-Monroe,W,58.0,45.0,22.0,54.0,0.407,6.0,22.0,0.273,8.0,12.0,0.667,8.0,31.0,11.0,10.0,0.0,11.0,14.0,19.0,50.0,0.38,4.0,20.0,0.2,3.0,5.0,0.6,5.0,28.0,7.0,5.0,2.0,16.0,16.0
james-madison,24,2023-02-02,@,Old Dominion,W,78.0,73.0,29.0,54.0,0.537,10.0,20.0,0.5,10.0,16.0,0.625,7.0,24.0,18.0,5.0,2.0,9.0,19.0,26.0,58.0,0.448,9.0,26.0,0.346,12.0,17.0,0.706,11.0,29.0,11.0,6.0,4.0,11.0,16.0
james-madison,25,2023-02-04,@,Appalachian State,W,63.0,57.0,20.0,56.0,0.357,11.0,29.0,0.379,12.0,16.0,0.75,10.0,39.0,13.0,4.0,1.0,11.0,16.0,23.0,59.0,0.39,6.0,19.0,0.316,5.0,14.0,0.357,8.0,36.0,12.0,5.0,4.0,9.0,13.0
missouri-kansas-city,1,2022-11-07,H,Lincoln (MO),L,56.0,59.0,21.0,54.0,0.389,5.0,25.0,0.2,9.0,17.0,0.529,10.0,35.0,9.0,6.0,6.0,21.0,19.0,21.0,60.0,0.35,6.0,16.0,0.375,11.0,20.0,0.55,14.0,36.0,10.0,9.0,4.0,17.0,18.0
missouri-kansas-city,2,2022-11-09,@,LSU,L,63.0,74.0,19.0,58.0,0.328,4.0,25.0,0.16,21.0,27.0,0.778,9.0,35.0,12.0,6.0,1.0,14.0,20.0,24.0,57.0,0.421,8.0,21.0,0.381,18.0,26.0,0.692,12.0,42.0,16.0,11.0,4.0,15.0,23.0
missouri-kansas-city,3,2022-11-11,@,Illinois,L,48.0,86.0,20.0,64.0,0.313,3.0,21.0,0.143,5.0,7.0,0.714,12.0,36.0,8.0,5.0,2.0,23.0,21.0,30.0,64.0,0.469,8.0,27.0,0.296,18.0,26.0,0.692,11.0,39.0,15.0,11.0,8.0,11.0,11.0
missouri-kansas-city,4,2022-11-14,H,Calvary,W,113.0,54.0,43.0,79.0,0.544,17.0,32.0,0.531,10.0,12.0,0.833,21.0,54.0,26.0,16.0,4.0,18.0,12.0,20.0,62.0,0.323,8.0,30.0,0.267,6.0,8.0,0.75,7.0,21.0,11.0,13.0,4.0,21.0,11.0
missouri-kansas-city,5,2022-11-17,@,Kansas State,L,53.0,69.0,20.0,49.0,0.408,4.0,15.0,0.267,9.0,15.0,0.6,11.0,30.0,10.0,6.0,4.0,22.0,17.0,24.0,58.0,0.414,7.0,20.0,0.35,14.0,17.0,0.824,11.0,29.0,18.0,11.0,1.0,14.0,13.0
missouri-kansas-city,6,2022-11-21,N,Toledo,W,83.0,71.0,27.0,50.0,0.54,6.0,14.0,0.429,23.0,28.0,0.821,9.0,35.0,11.0,4.0,4.0,10.0,12.0,26.0,66.0,0.394,8.0,29.0,0.276,11.0,13.0,0.846,11.0,25.0,9.0,6.0,3.0,8.0,17.0
missouri-kansas-city,7,2022-11-22,N,Indiana State,W,63.0,61.0,18.0,50.0,0.36,4.0,16.0,0.25,23.0,31.0,0.742,12.0,36.0,5.0,7.0,4.0,13.0,18.0,19.0,51.0,0.373,13.0,35.0,0.371,10.0,19.0,0.526,9.0,30.0,10.0,5.0,0.0,17.0,22.0
missouri-kansas-city,8,2022-11-23,N,Florida Gulf Coast,L,59.0,73.0,20.0,59.0,0.339,8.0,25.0,0.32,11.0,18.0,0.611,13.0,38.0,6.0,2.0,5.0,11.0,14.0,27.0,64.0,0.422,9.0,31.0,0.29,10.0,14.0,0.714,11.0,35.0,14.0,6.0,3.0,2.0,12.0
missouri-kansas-city,9,2022-11-26,H,SIU-Edwardsville,L,54.0,64.0,19.0,59.0,0.322,3.0,16.0,0.188,13.0,22.0,0.591,10.0,36.0,6.0,6.0,6.0,14.0,17.0,21.0,67.0,0.313,4.0,21.0,0.19,18.0,21.0,0.857,16.0,42.0,7.0,9.0,4.0,10.0,16.0
missouri-kansas-city,10,2022-11-29,H,Idaho State,L,65.0,75.0,22.0,57.0,0.386,2.0,23.0,0.087,19.0,25.0,0.76,10.0,30.0,8.0,3.0,4.0,8.0,16.0,23.0,53.0,0.434,11.0,19.0,0.579,18.0,20.0,0.9,7.0,29.0,11.0,2.0,1.0,6.0,20.0
missouri-kansas-city,11,2022-12-03,H,Lindenwood,W,61.0,47.0,19.0,48.0,0.396,7.0,18.0,0.389,16.0,24.0,0.667,13.0,44.0,11.0,7.0,4.0,19.0,15.0,16.0,58.0,0.276,6.0,25.0,0.24,9.0,12.0,0.75,8.0,24.0,8.0,9.0,0.0,11.0,15.0
missouri-kansas-city,12,2022-12-06,@,Oklahoma,L,53.0,75.0,19.0,53.0,0.358,4.0,18.0,0.222,11.0,17.0,0.647,13.0,26.0,6.0,8.0,1.0,16.0,17.0,26.0,45.0,0.578,7.0,17.0,0.412,16.0,21.0,0.762,3.0,25.0,13.0,7.0,3.0,13.0,14.0
missouri-kansas-city,13,2022-12-10,@,Green Bay,L,64.0,70.0,23.0,64.0,0.359,5.0,19.0,0.263,13.0,17.0,0.765,14.0,31.0,10.0,10.0,2.0,12.0,24.0,21.0,40.0,0.525,3.0,11.0,0.273,25.0,30.0,0.833,5.0,26.0,11.0,6.0,7.0,15.0,16.0
missouri-kansas-city,14,2022-12-19,H,South Dakota,W,62.0,45.0,21.0,53.0,0.396,6.0,16.0,0.375,14.0,19.0,0.737,14.0,37.0,6.0,11.0,7.0,10.0,13.0,13.0,43.0,0.302,8.0,22.0,0.364,11.0,17.0,0.647,8.0,24.0,8.0,4.0,3.0,16.0,14.0
missouri-kansas-city,15,2023-01-30,H,South Dakota State,L,66.0,67.0,26.0,60.0,0.433,3.0,19.0,0.158,11.0,13.0,0.846,9.0,30.0,9.0,4.0,3.0,8.0,20.0,24.0,47.0,0.511,6.0,15.0,0.4,13.0,21.0,0.619,6.0,25.0,8.0,3.0,1.0,9.0,13.0
missouri-kansas-city,16,2022-12-29,@,Denver,L (3 OT),83.0,85.0,30.0,81.0,0.37,9.0,30.0,0.3,14.0,18.0,0.778,10.0,34.0,12.0,6.0,9.0,9.0,29.0,26.0,66.0,0.394,5.0,14.0,0.357,28.0,36.0,0.778,12.0,47.0,9.0,4.0,7.0,15.0,19.0
missouri-kansas-city,17,2022-12-31,@,Omaha,W,75.0,59.0,27.0,46.0,0.587,8.0,19.0,0.421,13.0,17.0,0.765,6.0,26.0,12.0,8.0,3.0,13.0,14.0,20.0,45.0,0.444,6.0,18.0,0.333,13.0,15.0,0.867,3.0,17.0,17.0,9.0,5.0,12.0,15.0
missouri-kansas-city,18,2023-01-07,@,Oral Roberts,L,71.0,74.0,28.0,57.0,0.491,10.0,21.0,0.476,5.0,9.0,0.556,8.0,28.0,15.0,5.0,1.0,11.0,22.0,23.0,48.0,0.479,11.0,27.0,0.407,17.0,24.0,0.708,6.0,24.0,14.0,4.0,4.0,12.0,12.0
missouri-kansas-city,19,2023-01-12,H,St. Thomas,W,81.0,60.0,26.0,54.0,0.481,9.0,22.0,0.409,20.0,27.0,0.741,11.0,38.0,11.0,5.0,2.0,9.0,20.0,17.0,56.0,0.304,5.0,24.0,0.208,21.0,27.0,0.778,11.0,27.0,7.0,4.0,0.0,9.0,21.0
missouri-kansas-city,20,2023-01-14,H,Western Illinois,L,52.0,60.0,21.0,67.0,0.313,3.0,25.0,0.12,7.0,9.0,0.778,18.0,37.0,10.0,4.0,4.0,10.0,20.0,20.0,50.0,0.4,5.0,17.0,0.294,15.0,22.0,0.682,11.0,36.0,10.0,4.0,3.0,14.0,13.0
missouri-kansas-city,21,2023-01-19,@,North Dakota,L,60.0,77.0,19.0,54.0,0.352,7.0,23.0,0.304,15.0,21.0,0.714,8.0,29.0,10.0,8.0,3.0,14.0,15.0,24.0,56.0,0.429,18.0,42.0,0.429,11.0,16.0,0.688,8.0,35.0,12.0,6.0,0.0,14.0,16.0
missouri-kansas-city,22,2023-01-21,@,North Dakota State,W,75.0,73.0,25.0,55.0,0.455,10.0,29.0,0.345,15.0,25.0,0.6,9.0,26.0,10.0,5.0,3.0,9.0,25.0,27.0,49.0,0.551,5.0,13.0,0.385,14.0,21.0,0.667,6.0,28.0,10.0,2.0,3.0,12.0,19.0
missouri-kansas-city,23,2023-01-26,H,Omaha,W,64.0,61.0,22.0,59.0,0.373,3.0,20.0,0.15,17.0,20.0,0.85,15.0,38.0,6.0,6.0,6.0,12.0,19.0,17.0,50.0,0.34,9.0,24.0,0.375,18.0,24.0,0.75,6.0,25.0,11.0,7.0,1.0,9.0,21.0
missouri-kansas-city,24,2023-01-28,H,Denver,W,70.0,60.0,26.0,65.0,0.4,4.0,19.0,0.211,14.0,19.0,0.737,17.0,32.0,14.0,8.0,8.0,9.0,24.0,16.0,46.0,0.348,1.0,13.0,0.077,27.0,32.0,0.844,12.0,30.0,2.0,5.0,2.0,18.0,18.0
missouri-kansas-city,25,2023-02-04,H,Oral Roberts,L,57.0,85.0,19.0,60.0,0.317,3.0,11.0,0.273,16.0,24.0,0.667,14.0,29.0,5.0,8.0,2.0,11.0,15.0,33.0,63.0,0.524,10.0,27.0,0.37,9.0,12.0,0.75,10.0,34.0,11.0,8.0,8.0,13.0,18.0
kansas,1,2022-11-07,H,Omaha,W,89.0,64.0,36.0,69.0,0.522,9.0,22.0,0.409,8.0,15.0,0.533,15.0,41.0,24.0,8.0,5.0,9.0,13.0,22.0,57.0,0.386,5.0,21.0,0.238,15.0,19.0,0.789,7.0,26.0,10.0,4.0,1.0,13.0,9.0
kansas,2,2022-11-10,H,North Dakota State,W,82.0,59.0,35.0,72.0,0.486,7.0,20.0,0.35,5.0,10.0,0.5,13.0,45.0,22.0,8.0,6.0,9.0,16.0,21.0,58.0,0.362,9.0,32.0,0.281,8.0,13.0,0.615,7.0,31.0,13.0,2.0,3.0,13.0,10.0
kansas,3,2022-11-15,N,Duke,W,69.0,64.0,31.0,67.0,0.463,3.0,19.0,0.158,4.0,7.0,0.571,12.0,34.0,21.0,5.0,13.0,15.0,18.0,24.0,67.0,0.358,3.0,21.0,0.143,13.0,16.0,0.813,16.0,38.0,8.0,3.0,2.0,18.0,16.0
kansas,4,2022-11-18,H,Southern Utah,W,82.0,76.0,33.0,65.0,0.508,6.0,15.0,0.4,10.0,16.0,0.625,5.0,38.0,16.0,9.0,6.0,14.0,14.0,28.0,74.0,0.378,9.0,28.0,0.321,11.0,16.0,0.688,13.0,43.0,13.0,9.0,5.0,11.0,17.0
kansas,5,2022-11-23,N,NC State,W,80.0,74.0,24.0,58.0,0.414,10.0,21.0,0.476,22.0,29.0,0.759,7.0,35.0,14.0,7.0,0.0,12.0,17.0,24.0,62.0,0.387,8.0,22.0,0.364,18.0,22.0,0.818,11.0,36.0,8.0,9.0,3.0,11.0,17.0
kansas,6,2022-11-24,N,Wisconsin,W (1 OT),69.0,68.0,24.0,62.0,0.387,9.0,29.0,0.31,12.0,21.0,0.571,12.0,43.0,15.0,5.0,2.0,13.0,18.0,24.0,62.0,0.387,6.0,19.0,0.316,14.0,19.0,0.737,6.0,34.0,10.0,8.0,1.0,6.0,19.0
kansas,7,2022-11-25,N,Tennessee,L,50.0,64.0,17.0,53.0,0.321,5.0,21.0,0.238,11.0,17.0,0.647,10.0,26.0,11.0,11.0,1.0,15.0,14.0,22.0,53.0,0.415,12.0,27.0,0.444,8.0,10.0,0.8,12.0,40.0,13.0,10.0,4.0,22.0,16.0
kansas,8,2022-11-28,H,Texas Southern,W,87.0,55.0,30.0,55.0,0.545,13.0,29.0,0.448,14.0,23.0,0.609,10.0,31.0,23.0,9.0,3.0,11.0,11.0,23.0,53.0,0.434,4.0,17.0,0.235,5.0,9.0,0.556,6.0,23.0,7.0,3.0,1.0,16.0,18.0
kansas,9,2022-12-01,H,Seton Hall,W,91.0,65.0,33.0,58.0,0.569,7.0,17.0,0.412,18.0,21.0,0.857,10.0,33.0,16.0,15.0,3.0,10.0,22.0,21.0,48.0,0.438,4.0,19.0,0.211,19.0,32.0,0.594,8.0,23.0,11.0,4.0,2.0,16.0,17.0
kansas,10,2022-12-10,@,Missouri,W,95.0,67.0,35.0,61.0,0.574,10.0,22.0,0.455,15.0,19.0,0.789,7.0,34.0,24.0,13.0,1.0,13.0,19.0,23.0,57.0,0.404,6.0,20.0,0.3,15.0,23.0,0.652,10.0,29.0,8.0,5.0,2.0,21.0,20.0
kansas,11,2022-12-17,H,Indiana,W,84.0,62.0,35.0,68.0,0.515,7.0,16.0,0.438,7.0,7.0,1.0,9.0,34.0,19.0,17.0,4.0,14.0,15.0,20.0,53.0,0.377,6.0,19.0,0.316,16.0,20.0,0.8,7.0,30.0,13.0,9.0,9.0,23.0,10.0
kansas,12,2022-12-22,H,Harvard,W,68.0,54.0,28.0,60.0,0.467,4.0,20.0,0.2,8.0,8.0,1.0,10.0,38.0,14.0,11.0,8.0,10.0,15.0,21.0,53.0,0.396,7.0,22.0,0.318,5.0,14.0,0.357,7.0,26.0,12.0,3.0,4.0,15.0,13.0
kansas,13,2022-12-31,H,Oklahoma State,W,69.0,67.0,26.0,56.0,0.464,11.0,23.0,0.478,6.0,10.0,0.6,10.0,33.0,17.0,7.0,2.0,12.0,17.0,23.0,54.0,0.426,13.0,29.0,0.448,8.0,11.0,0.727,7.0,29.0,13.0,5.0,5.0,11.0,15.0
kansas,14,2023-01-03,@,Texas Tech,W,75.0,72.0,31.0,63.0,0.492,11.0,24.0,0.458,2.0,4.0,0.5,10.0,28.0,22.0,8.0,3.0,12.0,11.0,26.0,55.0,0.473,10.0,21.0,0.476,10.0,12.0,0.833,7.0,28.0,10.0,6.0,5.0,14.0,6.0
kansas,15,2023-01-07,@,West Virginia,W,76.0,62.0,24.0,57.0,0.421,11.0,24.0,0.458,17.0,19.0,0.895,10.0,40.0,12.0,6.0,3.0,12.0,24.0,20.0,57.0,0.351,4.0,20.0,0.2,18.0,28.0,0.643,9.0,29.0,10.0,3.0,3.0,11.0,14.0
kansas,16,2023-01-10,H,Oklahoma,W,79.0,75.0,22.0,59.0,0.373,4.0,11.0,0.364,31.0,39.0,0.795,11.0,33.0,10.0,8.0,4.0,6.0,16.0,27.0,57.0,0.474,2.0,17.0,0.118,19.0,23.0,0.826,6.0,34.0,8.0,3.0,4.0,11.0,22.0
kansas,17,2023-01-14,H,Iowa State,W,62.0,60.0,22.0,48.0,0.458,6.0,21.0,0.286,12.0,20.0,0.6,5.0,30.0,15.0,9.0,6.0,12.0,12.0,23.0,60.0,0.383,8.0,20.0,0.4,6.0,10.0,0.6,11.0,34.0,12.0,9.0,5.0,13.0,16.0
kansas,18,2023-01-17,@,Kansas State,L (1 OT),82.0,83.0,26.0,60.0,0.433,6.0,29.0,0.207,24.0,34.0,0.706,8.0,32.0,21.0,9.0,4.0,15.0,25.0,25.0,60.0,0.417,7.0,17.0,0.412,26.0,33.0,0.788,11.0,38.0,12.0,12.0,3.0,13.0,24.0
kansas,19,2023-01-21,H,TCU,L,60.0,83.0,23.0,59.0,0.39,7.0,21.0,0.333,7.0,11.0,0.636,9.0,28.0,15.0,8.0,3.0,17.0,15.0,31.0,57.0,0.544,8.0,15.0,0.533,13.0,16.0,0.813,8.0,35.0,18.0,9.0,4.0,14.0,15.0
kansas,20,2023-01-23,@,Baylor,L,69.0,75.0,24.0,52.0,0.462,5.0,19.0,0.263,16.0,16.0,1.0,7.0,31.0,11.0,5.0,4.0,13.0,21.0,23.0,62.0,0.371,9.0,30.0,0.3,20.0,25.0,0.8,13.0,27.0,11.0,9.0,2.0,9.0,16.0
kansas,21,2023-01-28,@,Kentucky,W,77.0,68.0,31.0,63.0,0.492,6.0,16.0,0.375,9.0,10.0,0.9,6.0,31.0,18.0,9.0,2.0,10.0,18.0,25.0,51.0,0.49,2.0,13.0,0.154,16.0,23.0,0.696,2.0,26.0,16.0,7.0,3.0,10.0,14.0
kansas,22,2023-01-31,H,Kansas State,W,90.0,78.0,27.0,67.0,0.403,11.0,27.0,0.407,25.0,35.0,0.714,11.0,42.0,15.0,8.0,9.0,9.0,23.0,20.0,59.0,0.339,7.0,21.0,0.333,31.0,36.0,0.861,7.0,39.0,10.0,4.0,2.0,13.0,23.0
kansas,23,2023-02-04,@,Iowa State,L,53.0,68.0,17.0,44.0,0.386,6.0,23.0,0.261,13.0,18.0,0.722,5.0,32.0,12.0,5.0,4.0,20.0,16.0,28.0,61.0,0.459,7.0,23.0,0.304,5.0,9.0,0.556,7.0,30.0,19.0,9.0,0.0,9.0,19.0
kansas-state,1,2022-11-07,H,Texas-Rio Grande Valley,W,93.0,59.0,30.0,66.0,0.455,12.0,27.0,0.444,21.0,29.0,0.724,12.0,37.0,25.0,9.0,2.0,14.0,20.0,20.0,51.0,0.392,4.0,15.0,0.267,15.0,22.0,0.682,7.0,33.0,9.0,5.0,2.0,25.0,22.0
kansas-state,2,2022-11-11,@,California,W,63.0,54.0,21.0,57.0,0.368,5.0,19.0,0.263,16.0,18.0,0.889,11.0,33.0,9.0,10.0,5.0,14.0,18.0,19.0,47.0,0.404,5.0,18.0,0.278,11.0,19.0,0.579,7.0,28.0,9.0,6.0,6.0,20.0,19.0
kansas-state,3,2022-11-17,H,Kansas City,W,69.0,53.0,24.0,58.0,0.414,7.0,20.0,0.35,14.0,17.0,0.824,11.0,29.0,18.0,11.0,1.0,14.0,13.0,20.0,49.0,0.408,4.0,15.0,0.267,9.0,15.0,0.6,11.0,30.0,10.0,6.0,4.0,22.0,17.0
kansas-state,4,2022-11-21,N,Rhode Island,W,77.0,57.0,28.0,53.0,0.528,7.0,16.0,0.438,14.0,18.0,0.778,10.0,31.0,20.0,8.0,8.0,19.0,24.0,18.0,55.0,0.327,2.0,12.0,0.167,19.0,31.0,0.613,11.0,25.0,8.0,10.0,0.0,16.0,15.0
kansas-state,5,2022-11-22,N,Nevada,W (1 OT),96.0,87.0,33.0,60.0,0.55,8.0,17.0,0.471,22.0,28.0,0.786,9.0,31.0,21.0,2.0,3.0,15.0,20.0,28.0,54.0,0.519,9.0,22.0,0.409,22.0,27.0,0.815,6.0,20.0,16.0,6.0,4.0,11.0,27.0
kansas-state,6,2022-11-23,N,LSU,W,61.0,59.0,20.0,48.0,0.417,4.0,15.0,0.267,17.0,21.0,0.81,5.0,25.0,13.0,6.0,1.0,17.0,16.0,23.0,53.0,0.434,6.0,19.0,0.316,7.0,14.0,0.5,9.0,29.0,10.0,9.0,3.0,17.0,22.0
kansas-state,7,2022-11-30,@,Butler,L,64.0,76.0,29.0,63.0,0.46,4.0,20.0,0.2,2.0,3.0,0.667,9.0,26.0,13.0,8.0,2.0,13.0,15.0,28.0,51.0,0.549,8.0,20.0,0.4,12.0,15.0,0.8,6.0,27.0,18.0,3.0,5.0,13.0,9.0
kansas-state,8,2022-12-03,H,Wichita State,W,55.0,50.0,19.0,53.0,0.358,4.0,20.0,0.2,13.0,21.0,0.619,6.0,30.0,13.0,8.0,4.0,7.0,14.0,19.0,49.0,0.388,4.0,20.0,0.2,8.0,13.0,0.615,4.0,33.0,5.0,5.0,5.0,16.0,17.0
kansas-state,9,2022-12-06,H,Abilene Christian,W,81.0,64.0,31.0,53.0,0.585,3.0,12.0,0.25,16.0,29.0,0.552,9.0,32.0,23.0,7.0,3.0,12.0,13.0,25.0,55.0,0.455,7.0,19.0,0.368,7.0,12.0,0.583,7.0,26.0,14.0,6.0,2.0,13.0,21.0
kansas-state,10,2022-12-11,H,Incarnate Word,W,98.0,50.0,39.0,66.0,0.591,12.0,26.0,0.462,8.0,14.0,0.571,9.0,37.0,26.0,11.0,0.0,8.0,9.0,19.0,50.0,0.38,7.0,14.0,0.5,5.0,8.0,0.625,4.0,23.0,14.0,3.0,2.0,19.0,12.0
kansas-state,11,2022-12-17,H,Nebraska,W,71.0,56.0,24.0,60.0,0.4,10.0,28.0,0.357,13.0,19.0,0.684,10.0,35.0,20.0,9.0,3.0,12.0,15.0,18.0,56.0,0.321,4.0,21.0,0.19,16.0,22.0,0.727,11.0,37.0,9.0,8.0,5.0,16.0,18.0
kansas-state,12,2022-12-21,H,Radford,W,73.0,65.0,29.0,59.0,0.492,5.0,17.0,0.294,10.0,15.0,0.667,13.0,39.0,20.0,6.0,5.0,11.0,13.0,24.0,59.0,0.407,7.0,20.0,0.35,10.0,18.0,0.556,7.0,23.0,13.0,5.0,2.0,7.0,14.0
kansas-state,13,2022-12-31,H,West Virginia,W (1 OT),82.0,76.0,29.0,69.0,0.42,3.0,16.0,0.188,21.0,34.0,0.618,13.0,35.0,19.0,13.0,1.0,9.0,26.0,26.0,63.0,0.413,4.0,18.0,0.222,20.0,38.0,0.526,19.0,46.0,13.0,4.0,4.0,20.0,27.0
kansas-state,14,2023-01-03,@,Texas,W,116.0,103.0,36.0,60.0,0.6,13.0,24.0,0.542,31.0,33.0,0.939,6.0,31.0,23.0,5.0,0.0,11.0,19.0,35.0,68.0,0.515,11.0,27.0,0.407,22.0,26.0,0.846,6.0,24.0,18.0,6.0,3.0,9.0,26.0
kansas-state,15,2023-01-07,@,Baylor,W (1 OT),97.0,95.0,34.0,64.0,0.531,11.0,25.0,0.44,18.0,21.0,0.857,7.0,29.0,24.0,4.0,6.0,12.0,25.0,29.0,65.0,0.446,8.0,25.0,0.32,29.0,38.0,0.763,13.0,32.0,21.0,7.0,3.0,12.0,20.0
kansas-state,16,2023-01-10,H,Oklahoma State,W,65.0,57.0,21.0,59.0,0.356,9.0,27.0,0.333,14.0,19.0,0.737,11.0,36.0,15.0,6.0,5.0,15.0,11.0,22.0,66.0,0.333,5.0,22.0,0.227,8.0,9.0,0.889,11.0,36.0,13.0,11.0,6.0,15.0,17.0
kansas-state,17,2023-01-14,@,TCU,L,68.0,82.0,28.0,65.0,0.431,6.0,21.0,0.286,6.0,7.0,0.857,12.0,35.0,15.0,8.0,4.0,19.0,17.0,33.0,71.0,0.465,3.0,19.0,0.158,13.0,19.0,0.684,14.0,38.0,22.0,15.0,4.0,9.0,8.0
kansas-state,18,2023-01-17,H,Kansas,W (1 OT),83.0,82.0,25.0,60.0,0.417,7.0,17.0,0.412,26.0,33.0,0.788,11.0,38.0,12.0,12.0,3.0,13.0,24.0,26.0,60.0,0.433,6.0,29.0,0.207,24.0,34.0,0.706,8.0,32.0,21.0,9.0,4.0,15.0,25.0
kansas-state,19,2023-01-21,H,Texas Tech,W,68.0,58.0,20.0,47.0,0.426,8.0,25.0,0.32,20.0,27.0,0.741,9.0,32.0,15.0,4.0,5.0,14.0,13.0,23.0,71.0,0.324,7.0,29.0,0.241,5.0,12.0,0.417,18.0,36.0,10.0,8.0,2.0,10.0,18.0
kansas-state,20,2023-01-24,@,Iowa State,L,76.0,80.0,25.0,48.0,0.521,9.0,16.0,0.563,17.0,25.0,0.68,3.0,16.0,13.0,9.0,0.0,14.0,22.0,28.0,49.0,0.571,5.0,16.0,0.313,19.0,25.0,0.76,7.0,23.0,15.0,8.0,5.0,11.0,18.0
kansas-state,21,2023-01-28,H,Florida,W,64.0,50.0,23.0,61.0,0.377,4.0,17.0,0.235,14.0,21.0,0.667,9.0,47.0,15.0,10.0,0.0,10.0,16.0,18.0,58.0,0.31,4.0,22.0,0.182,10.0,16.0,0.625,5.0,32.0,12.0,6.0,6.0,14.0,17.0
kansas-state,22,2023-01-31,@,Kansas,L,78.0,90.0,20.0,59.0,0.339,7.0,21.0,0.333,31.0,36.0,0.861,7.0,39.0,10.0,4.0,2.0,13.0,23.0,27.0,67.0,0.403,11.0,27.0,0.407,25.0,35.0,0.714,11.0,42.0,15.0,8.0,9.0,9.0,23.0
kansas-state,23,2023-02-04,H,Texas,L,66.0,69.0,22.0,50.0,0.44,6.0,19.0,0.316,16.0,20.0,0.8,7.0,29.0,11.0,8.0,1.0,18.0,19.0,23.0,51.0,0.451,4.0,16.0,0.25,19.0,24.0,0.792,9.0,30.0,16.0,8.0,5.0,16.0,21.0
kennesaw-state,1,2022-11-07,H,LaGrange,W,99.0,56.0,36.0,61.0,0.59,10.0,26.0,0.385,17.0,23.0,0.739,8.0,35.0,14.0,14.0,3.0,15.0,19.0,21.0,62.0,0.339,4.0,17.0,0.235,10.0,22.0,0.455,12.0,28.0,6.0,8.0,2.0,21.0,19.0
kennesaw-state,2,2022-11-11,@,Florida,L,78.0,88.0,30.0,70.0,0.429,6.0,17.0,0.353,12.0,18.0,0.667,9.0,31.0,11.0,8.0,2.0,7.0,20.0,30.0,55.0,0.545,4.0,11.0,0.364,24.0,33.0,0.727,6.0,34.0,13.0,4.0,10.0,10.0,17.0
kennesaw-state,3,2022-11-14,H,Brewton-Parker,W,95.0,36.0,36.0,74.0,0.486,15.0,37.0,0.405,8.0,17.0,0.471,13.0,43.0,26.0,17.0,7.0,11.0,11.0,13.0,60.0,0.217,3.0,23.0,0.13,7.0,10.0,0.7,14.0,36.0,9.0,7.0,6.0,26.0,20.0
kennesaw-state,4,2022-11-18,N,Southeastern Louisiana,W,72.0,68.0,25.0,56.0,0.446,12.0,28.0,0.429,10.0,17.0,0.588,9.0,34.0,16.0,7.0,3.0,14.0,20.0,23.0,51.0,0.451,6.0,15.0,0.4,16.0,24.0,0.667,2.0,23.0,6.0,6.0,2.0,12.0,18.0
kennesaw-state,5,2022-11-19,@,Appalachian State,W,71.0,67.0,25.0,57.0,0.439,8.0,17.0,0.471,13.0,20.0,0.65,9.0,27.0,15.0,8.0,1.0,10.0,15.0,24.0,51.0,0.471,11.0,26.0,0.423,8.0,10.0,0.8,5.0,28.0,11.0,6.0,8.0,15.0,18.0
kennesaw-state,6,2022-11-20,N,Campbell,L,61.0,85.0,19.0,40.0,0.475,8.0,22.0,0.364,15.0,24.0,0.625,4.0,22.0,11.0,4.0,3.0,18.0,25.0,27.0,47.0,0.574,8.0,13.0,0.615,23.0,28.0,0.821,4.0,25.0,13.0,11.0,0.0,12.0,20.0
kennesaw-state,7,2022-11-26,@,VCU,L,61.0,64.0,23.0,55.0,0.418,6.0,18.0,0.333,9.0,18.0,0.5,10.0,33.0,11.0,5.0,3.0,13.0,23.0,18.0,44.0,0.409,4.0,16.0,0.25,24.0,33.0,0.727,7.0,26.0,8.0,6.0,6.0,13.0,20.0
kennesaw-state,8,2022-12-02,@,Mercer,W,66.0,63.0,24.0,57.0,0.421,6.0,15.0,0.4,12.0,15.0,0.8,6.0,25.0,10.0,9.0,1.0,9.0,14.0,25.0,50.0,0.5,4.0,13.0,0.308,9.0,13.0,0.692,6.0,33.0,12.0,4.0,2.0,16.0,20.0
kennesaw-state,9,2022-12-05,@,Charleston Southern,W,76.0,65.0,24.0,51.0,0.471,11.0,23.0,0.478,17.0,29.0,0.586,4.0,24.0,17.0,11.0,6.0,15.0,18.0,24.0,55.0,0.436,5.0,18.0,0.278,12.0,18.0,0.667,9.0,36.0,11.0,8.0,2.0,21.0,24.0
kennesaw-state,10,2022-12-12,@,San Diego State,L,54.0,88.0,17.0,49.0,0.347,8.0,23.0,0.348,12.0,20.0,0.6,5.0,23.0,12.0,9.0,2.0,20.0,25.0,31.0,61.0,0.508,8.0,24.0,0.333,18.0,25.0,0.72,9.0,36.0,21.0,13.0,3.0,12.0,21.0
kennesaw-state,11,2022-12-17,H,Georgia College,W,79.0,55.0,25.0,64.0,0.391,9.0,35.0,0.257,20.0,29.0,0.69,7.0,42.0,13.0,12.0,3.0,8.0,16.0,20.0,59.0,0.339,6.0,28.0,0.214,9.0,12.0,0.75,4.0,34.0,9.0,5.0,2.0,18.0,21.0
kennesaw-state,12,2022-12-20,H,USC Upstate,W,65.0,56.0,22.0,55.0,0.4,10.0,27.0,0.37,11.0,17.0,0.647,10.0,28.0,14.0,6.0,2.0,17.0,15.0,22.0,53.0,0.415,5.0,16.0,0.313,7.0,14.0,0.5,7.0,30.0,7.0,10.0,4.0,13.0,19.0
kennesaw-state,13,2022-12-23,@,Indiana,L,55.0,69.0,18.0,55.0,0.327,10.0,25.0,0.4,9.0,15.0,0.6,4.0,26.0,13.0,5.0,2.0,8.0,22.0,23.0,46.0,0.5,7.0,18.0,0.389,16.0,26.0,0.615,3.0,36.0,12.0,2.0,3.0,11.0,15.0
kennesaw-state,14,2022-12-31,H,Central Arkansas,W,82.0,66.0,29.0,63.0,0.46,9.0,27.0,0.333,15.0,24.0,0.625,8.0,33.0,16.0,15.0,4.0,13.0,13.0,23.0,65.0,0.354,6.0,30.0,0.2,14.0,17.0,0.824,9.0,37.0,5.0,7.0,1.0,20.0,19.0
kennesaw-state,15,2023-01-02,H,Eastern Kentucky,W,79.0,75.0,26.0,58.0,0.448,7.0,23.0,0.304,20.0,30.0,0.667,11.0,41.0,14.0,10.0,0.0,16.0,18.0,24.0,66.0,0.364,12.0,28.0,0.429,15.0,24.0,0.625,11.0,35.0,12.0,11.0,3.0,15.0,22.0
kennesaw-state,16,2023-01-05,@,North Florida,L,86.0,89.0,34.0,68.0,0.5,11.0,20.0,0.55,7.0,12.0,0.583,13.0,36.0,21.0,4.0,1.0,9.0,22.0,29.0,53.0,0.547,15.0,28.0,0.536,16.0,28.0,0.571,5.0,25.0,17.0,7.0,6.0,9.0,15.0
kennesaw-state,17,2023-01-07,@,Queens (NC),W,76.0,67.0,29.0,54.0,0.537,6.0,14.0,0.429,12.0,16.0,0.75,4.0,29.0,14.0,8.0,4.0,13.0,17.0,22.0,59.0,0.373,10.0,30.0,0.333,13.0,20.0,0.65,12.0,36.0,9.0,7.0,0.0,17.0,21.0
kennesaw-state,18,2023-01-12,H,Jacksonville,W,81.0,68.0,28.0,47.0,0.596,7.0,19.0,0.368,18.0,26.0,0.692,4.0,27.0,18.0,6.0,5.0,11.0,20.0,26.0,55.0,0.473,4.0,18.0,0.222,12.0,20.0,0.6,7.0,25.0,14.0,6.0,1.0,14.0,20.0
kennesaw-state,19,2023-01-14,H,North Florida,W,86.0,72.0,36.0,64.0,0.563,9.0,21.0,0.429,5.0,10.0,0.5,8.0,30.0,20.0,7.0,2.0,9.0,9.0,28.0,54.0,0.519,10.0,27.0,0.37,6.0,7.0,0.857,1.0,18.0,14.0,4.0,2.0,11.0,11.0
kennesaw-state,20,2023-01-19,@,Stetson,W (1 OT),82.0,81.0,30.0,58.0,0.517,7.0,18.0,0.389,15.0,22.0,0.682,6.0,29.0,17.0,10.0,4.0,16.0,17.0,28.0,61.0,0.459,13.0,28.0,0.464,12.0,20.0,0.6,12.0,32.0,14.0,8.0,5.0,17.0,19.0
kennesaw-state,21,2023-01-21,@,Florida Gulf Coast,W,65.0,63.0,26.0,53.0,0.491,4.0,16.0,0.25,9.0,11.0,0.818,7.0,31.0,10.0,4.0,2.0,11.0,16.0,22.0,55.0,0.4,10.0,30.0,0.333,9.0,12.0,0.75,8.0,25.0,11.0,7.0,1.0,7.0,13.0
kennesaw-state,22,2023-01-26,H,Austin Peay,W,84.0,57.0,26.0,57.0,0.456,6.0,19.0,0.316,26.0,36.0,0.722,14.0,47.0,15.0,12.0,3.0,15.0,23.0,18.0,53.0,0.34,4.0,21.0,0.19,17.0,33.0,0.515,4.0,23.0,11.0,10.0,4.0,14.0,24.0
kennesaw-state,23,2023-01-28,H,Lipscomb,W,85.0,72.0,27.0,56.0,0.482,9.0,23.0,0.391,22.0,30.0,0.733,6.0,28.0,12.0,9.0,3.0,11.0,22.0,25.0,53.0,0.472,6.0,13.0,0.462,16.0,23.0,0.696,4.0,28.0,9.0,5.0,4.0,15.0,24.0
kennesaw-state,24,2023-02-02,@,Bellarmine,W (2 OT),90.0,84.0,28.0,65.0,0.431,10.0,26.0,0.385,24.0,33.0,0.727,4.0,30.0,15.0,10.0,0.0,8.0,19.0,29.0,56.0,0.518,8.0,26.0,0.308,18.0,23.0,0.783,2.0,35.0,13.0,2.0,1.0,15.0,25.0
kennesaw-state,25,2023-02-04,@,Eastern Kentucky,L,74.0,77.0,25.0,56.0,0.446,7.0,20.0,0.35,17.0,25.0,0.68,11.0,35.0,15.0,9.0,1.0,16.0,21.0,24.0,55.0,0.436,5.0,20.0,0.25,24.0,27.0,0.889,6.0,28.0,13.0,9.0,4.0,12.0,23.0
kent-state,1,2022-11-07,@,Northern Kentucky,W,79.0,57.0,30.0,55.0,0.545,13.0,24.0,0.542,6.0,16.0,0.375,8.0,32.0,19.0,7.0,4.0,11.0,22.0,18.0,60.0,0.3,5.0,27.0,0.185,16.0,22.0,0.727,17.0,36.0,8.0,7.0,3.0,11.0,16.0
kent-state,2,2022-11-10,H,Baldwin-Wallace,W,76.0,55.0,27.0,58.0,0.466,9.0,27.0,0.333,13.0,18.0,0.722,5.0,32.0,13.0,16.0,2.0,9.0,10.0,18.0,54.0,0.333,13.0,32.0,0.406,6.0,10.0,0.6,8.0,34.0,13.0,6.0,2.0,21.0,15.0
kent-state,3,2022-11-14,H,Portland,W,77.0,65.0,30.0,63.0,0.476,6.0,24.0,0.25,11.0,19.0,0.579,7.0,29.0,10.0,12.0,3.0,14.0,24.0,20.0,49.0,0.408,10.0,24.0,0.417,15.0,24.0,0.625,7.0,29.0,15.0,3.0,2.0,27.0,23.0
kent-state,4,2022-11-16,H,Arkansas-Pine Bluff,W,94.0,68.0,25.0,54.0,0.463,10.0,21.0,0.476,34.0,39.0,0.872,6.0,40.0,14.0,8.0,3.0,20.0,21.0,24.0,60.0,0.4,8.0,25.0,0.32,12.0,16.0,0.75,4.0,24.0,10.0,9.0,5.0,20.0,30.0
kent-state,5,2022-11-19,H,Chicago State,W,88.0,59.0,28.0,70.0,0.4,9.0,29.0,0.31,23.0,26.0,0.885,12.0,29.0,17.0,17.0,2.0,10.0,20.0,18.0,51.0,0.353,4.0,16.0,0.25,19.0,28.0,0.679,15.0,41.0,7.0,5.0,0.0,27.0,24.0
kent-state,6,2022-11-23,@,College of Charleston,L,72.0,74.0,30.0,68.0,0.441,9.0,20.0,0.45,3.0,4.0,0.75,12.0,34.0,14.0,10.0,3.0,12.0,22.0,23.0,53.0,0.434,11.0,29.0,0.379,17.0,26.0,0.654,9.0,33.0,15.0,8.0,5.0,17.0,12.0
kent-state,7,2022-11-26,@,Houston,L,44.0,49.0,15.0,63.0,0.238,6.0,29.0,0.207,8.0,11.0,0.727,7.0,30.0,8.0,14.0,5.0,13.0,19.0,16.0,50.0,0.32,2.0,17.0,0.118,15.0,23.0,0.652,15.0,50.0,9.0,9.0,6.0,23.0,12.0
kent-state,8,2022-12-02,H,South Dakota State,W,83.0,68.0,31.0,62.0,0.5,10.0,24.0,0.417,11.0,12.0,0.917,9.0,32.0,12.0,7.0,4.0,9.0,20.0,21.0,55.0,0.382,10.0,21.0,0.476,16.0,23.0,0.696,8.0,27.0,9.0,7.0,1.0,12.0,16.0
kent-state,9,2022-12-05,@,Gonzaga,L,66.0,73.0,25.0,63.0,0.397,6.0,23.0,0.261,10.0,13.0,0.769,3.0,23.0,9.0,7.0,2.0,7.0,24.0,25.0,55.0,0.455,6.0,18.0,0.333,17.0,27.0,0.63,9.0,43.0,16.0,1.0,3.0,9.0,15.0
kent-state,10,2022-12-10,@,Cleveland State,W,67.0,58.0,26.0,57.0,0.456,7.0,21.0,0.333,8.0,11.0,0.727,6.0,32.0,13.0,6.0,3.0,12.0,17.0,18.0,48.0,0.375,3.0,15.0,0.2,19.0,27.0,0.704,5.0,28.0,10.0,5.0,1.0,10.0,16.0
kent-state,11,2022-12-18,H,Concord,W,106.0,56.0,43.0,74.0,0.581,12.0,26.0,0.462,8.0,9.0,0.889,12.0,48.0,18.0,13.0,3.0,16.0,14.0,21.0,70.0,0.3,6.0,26.0,0.231,8.0,12.0,0.667,11.0,26.0,10.0,8.0,4.0,20.0,11.0
kent-state,12,2022-12-21,N,New Mexico State,W,73.0,63.0,27.0,58.0,0.466,7.0,25.0,0.28,12.0,15.0,0.8,9.0,30.0,13.0,8.0,4.0,13.0,18.0,24.0,59.0,0.407,4.0,17.0,0.235,11.0,15.0,0.733,11.0,32.0,9.0,7.0,3.0,14.0,19.0
kent-state,13,2022-12-22,@,UTEP,W,47.0,46.0,17.0,53.0,0.321,4.0,25.0,0.16,9.0,12.0,0.75,8.0,23.0,5.0,11.0,3.0,10.0,16.0,18.0,47.0,0.383,4.0,11.0,0.364,6.0,9.0,0.667,12.0,41.0,7.0,5.0,3.0,22.0,18.0
kent-state,14,2023-01-03,H,Western Michigan,W,80.0,72.0,23.0,57.0,0.404,11.0,28.0,0.393,23.0,25.0,0.92,9.0,28.0,14.0,9.0,3.0,12.0,22.0,26.0,51.0,0.51,6.0,20.0,0.3,14.0,17.0,0.824,4.0,26.0,14.0,6.0,1.0,16.0,21.0
kent-state,15,2023-01-07,@,Miami (OH),W,69.0,66.0,25.0,58.0,0.431,5.0,17.0,0.294,14.0,20.0,0.7,10.0,31.0,10.0,10.0,5.0,12.0,13.0,23.0,54.0,0.426,8.0,22.0,0.364,12.0,14.0,0.857,7.0,32.0,14.0,8.0,3.0,19.0,18.0
kent-state,16,2023-01-10,H,Toledo,W,75.0,63.0,27.0,70.0,0.386,9.0,27.0,0.333,12.0,18.0,0.667,19.0,42.0,8.0,7.0,5.0,6.0,15.0,24.0,57.0,0.421,7.0,27.0,0.259,8.0,13.0,0.615,6.0,28.0,11.0,4.0,2.0,11.0,19.0
kent-state,17,2023-01-13,@,Ohio,W,70.0,65.0,27.0,63.0,0.429,8.0,24.0,0.333,8.0,15.0,0.533,10.0,31.0,12.0,9.0,3.0,9.0,19.0,23.0,54.0,0.426,7.0,25.0,0.28,12.0,14.0,0.857,5.0,33.0,11.0,5.0,1.0,16.0,16.0
kent-state,18,2023-01-17,@,Eastern Michigan,W,77.0,63.0,28.0,60.0,0.467,7.0,27.0,0.259,14.0,18.0,0.778,7.0,35.0,8.0,9.0,2.0,8.0,20.0,25.0,61.0,0.41,4.0,19.0,0.211,9.0,17.0,0.529,11.0,33.0,7.0,3.0,1.0,13.0,16.0
kent-state,19,2023-01-20,H,Ball State,W,86.0,65.0,30.0,59.0,0.508,9.0,21.0,0.429,17.0,23.0,0.739,10.0,35.0,14.0,8.0,6.0,7.0,22.0,19.0,52.0,0.365,8.0,24.0,0.333,19.0,25.0,0.76,11.0,26.0,8.0,3.0,1.0,15.0,19.0
kent-state,20,2023-01-24,@,Northern Illinois,L,76.0,86.0,28.0,53.0,0.528,8.0,20.0,0.4,12.0,19.0,0.632,6.0,27.0,15.0,5.0,1.0,12.0,15.0,28.0,54.0,0.519,13.0,28.0,0.464,17.0,20.0,0.85,4.0,26.0,20.0,7.0,0.0,12.0,16.0
kent-state,21,2023-01-27,H,Buffalo,W,74.0,68.0,27.0,65.0,0.415,5.0,24.0,0.208,15.0,23.0,0.652,11.0,43.0,12.0,6.0,8.0,10.0,24.0,22.0,66.0,0.333,7.0,29.0,0.241,17.0,24.0,0.708,11.0,36.0,11.0,4.0,3.0,15.0,22.0
kent-state,22,2023-01-31,H,Central Michigan,W,81.0,69.0,26.0,56.0,0.464,8.0,25.0,0.32,21.0,33.0,0.636,13.0,31.0,13.0,6.0,8.0,5.0,18.0,25.0,56.0,0.446,10.0,25.0,0.4,9.0,17.0,0.529,10.0,27.0,14.0,3.0,3.0,10.0,24.0
kent-state,23,2023-02-03,@,Akron,L,55.0,67.0,21.0,56.0,0.375,6.0,26.0,0.231,7.0,11.0,0.636,6.0,19.0,7.0,7.0,1.0,11.0,21.0,19.0,45.0,0.422,9.0,22.0,0.409,20.0,25.0,0.8,6.0,30.0,12.0,6.0,4.0,12.0,14.0
kentucky,1,2022-11-07,H,Howard,W,95.0,63.0,34.0,62.0,0.548,11.0,24.0,0.458,16.0,28.0,0.571,8.0,40.0,20.0,10.0,5.0,10.0,12.0,23.0,67.0,0.343,7.0,25.0,0.28,10.0,13.0,0.769,11.0,33.0,10.0,4.0,1.0,16.0,19.0
kentucky,2,2022-11-11,H,Duquesne,W,77.0,52.0,28.0,61.0,0.459,11.0,19.0,0.579,10.0,15.0,0.667,11.0,42.0,22.0,9.0,11.0,14.0,7.0,20.0,66.0,0.303,7.0,26.0,0.269,5.0,8.0,0.625,6.0,28.0,13.0,8.0,1.0,11.0,16.0
kentucky,3,2022-11-15,N,Michigan State,L (2 OT),77.0,86.0,27.0,70.0,0.386,7.0,25.0,0.28,16.0,24.0,0.667,10.0,35.0,17.0,12.0,8.0,15.0,25.0,28.0,69.0,0.406,7.0,19.0,0.368,23.0,27.0,0.852,12.0,40.0,19.0,6.0,3.0,18.0,19.0
kentucky,4,2022-11-17,H,South Carolina State,W,106.0,63.0,39.0,68.0,0.574,10.0,24.0,0.417,18.0,23.0,0.783,14.0,47.0,25.0,9.0,9.0,13.0,13.0,24.0,68.0,0.353,5.0,21.0,0.238,10.0,16.0,0.625,10.0,23.0,8.0,5.0,2.0,12.0,16.0
kentucky,5,2022-11-20,@,Gonzaga,L,72.0,88.0,27.0,69.0,0.391,6.0,25.0,0.24,12.0,16.0,0.75,11.0,28.0,11.0,10.0,0.0,11.0,22.0,31.0,55.0,0.564,7.0,19.0,0.368,19.0,21.0,0.905,7.0,38.0,8.0,7.0,2.0,17.0,12.0
kentucky,6,2022-11-23,H,North Florida,W,96.0,56.0,35.0,73.0,0.479,9.0,24.0,0.375,17.0,21.0,0.81,17.0,49.0,23.0,7.0,9.0,7.0,19.0,20.0,58.0,0.345,6.0,21.0,0.286,10.0,21.0,0.476,9.0,28.0,6.0,5.0,1.0,14.0,14.0
kentucky,7,2022-11-29,H,Bellarmine,W,60.0,41.0,22.0,53.0,0.415,7.0,22.0,0.318,9.0,11.0,0.818,12.0,39.0,16.0,6.0,4.0,12.0,9.0,14.0,46.0,0.304,8.0,28.0,0.286,5.0,6.0,0.833,2.0,20.0,9.0,7.0,0.0,9.0,13.0
kentucky,8,2022-12-04,N,Michigan,W,73.0,69.0,27.0,58.0,0.466,9.0,15.0,0.6,10.0,20.0,0.5,10.0,42.0,17.0,3.0,3.0,14.0,14.0,25.0,64.0,0.391,8.0,20.0,0.4,11.0,17.0,0.647,5.0,29.0,12.0,5.0,4.0,7.0,19.0
kentucky,9,2022-12-10,H,Yale,W,69.0,59.0,29.0,58.0,0.5,4.0,11.0,0.364,7.0,10.0,0.7,12.0,31.0,15.0,7.0,2.0,7.0,14.0,22.0,51.0,0.431,7.0,17.0,0.412,8.0,12.0,0.667,9.0,26.0,9.0,2.0,2.0,11.0,13.0
kentucky,10,2022-12-17,N,UCLA,L,53.0,63.0,21.0,64.0,0.328,6.0,21.0,0.286,5.0,13.0,0.385,19.0,38.0,14.0,8.0,4.0,18.0,17.0,27.0,59.0,0.458,2.0,8.0,0.25,7.0,15.0,0.467,12.0,38.0,11.0,11.0,4.0,12.0,17.0
kentucky,11,2022-12-21,H,Florida A&M,W,88.0,68.0,31.0,59.0,0.525,13.0,23.0,0.565,13.0,19.0,0.684,15.0,33.0,19.0,7.0,1.0,8.0,12.0,26.0,50.0,0.52,9.0,16.0,0.563,7.0,8.0,0.875,5.0,17.0,12.0,1.0,1.0,11.0,17.0
kentucky,12,2022-12-28,@,Missouri,L,75.0,89.0,26.0,56.0,0.464,8.0,23.0,0.348,15.0,24.0,0.625,13.0,36.0,15.0,5.0,1.0,14.0,21.0,28.0,57.0,0.491,10.0,25.0,0.4,23.0,28.0,0.821,6.0,22.0,18.0,9.0,4.0,7.0,18.0
kentucky,13,2022-12-31,H,Louisville,W,86.0,63.0,33.0,55.0,0.6,4.0,13.0,0.308,16.0,25.0,0.64,13.0,31.0,18.0,7.0,1.0,12.0,18.0,22.0,47.0,0.468,2.0,13.0,0.154,17.0,23.0,0.739,8.0,20.0,5.0,7.0,2.0,13.0,18.0
kentucky,14,2023-01-03,H,LSU,W,74.0,71.0,28.0,54.0,0.519,7.0,18.0,0.389,11.0,14.0,0.786,9.0,30.0,18.0,2.0,3.0,5.0,11.0,26.0,53.0,0.491,11.0,25.0,0.44,8.0,10.0,0.8,5.0,20.0,15.0,3.0,1.0,8.0,15.0
kentucky,15,2023-01-07,@,Alabama,L,52.0,78.0,21.0,73.0,0.288,5.0,20.0,0.25,5.0,8.0,0.625,16.0,37.0,7.0,4.0,6.0,11.0,20.0,26.0,54.0,0.481,8.0,22.0,0.364,18.0,26.0,0.692,6.0,37.0,13.0,9.0,6.0,9.0,13.0
kentucky,16,2023-01-10,H,South Carolina,L,68.0,71.0,29.0,57.0,0.509,3.0,10.0,0.3,7.0,14.0,0.5,13.0,27.0,9.0,6.0,6.0,6.0,11.0,27.0,56.0,0.482,11.0,20.0,0.55,6.0,7.0,0.857,11.0,25.0,11.0,2.0,1.0,12.0,15.0
kentucky,17,2023-01-14,@,Tennessee,W,63.0,56.0,18.0,51.0,0.353,5.0,16.0,0.313,22.0,25.0,0.88,10.0,39.0,14.0,6.0,1.0,18.0,18.0,23.0,57.0,0.404,3.0,21.0,0.143,7.0,10.0,0.7,3.0,21.0,17.0,7.0,3.0,10.0,24.0
kentucky,18,2023-01-17,H,Georgia,W,85.0,71.0,29.0,66.0,0.439,4.0,15.0,0.267,23.0,30.0,0.767,13.0,41.0,15.0,9.0,5.0,5.0,19.0,24.0,52.0,0.462,7.0,20.0,0.35,16.0,24.0,0.667,2.0,27.0,7.0,3.0,1.0,10.0,23.0
kentucky,19,2023-01-21,H,Texas A&M,W,76.0,67.0,27.0,67.0,0.403,11.0,32.0,0.344,11.0,17.0,0.647,16.0,36.0,14.0,6.0,4.0,11.0,13.0,24.0,49.0,0.49,3.0,16.0,0.188,16.0,16.0,1.0,4.0,29.0,10.0,6.0,0.0,15.0,18.0
kentucky,20,2023-01-24,@,Vanderbilt,W,69.0,53.0,31.0,55.0,0.564,6.0,16.0,0.375,1.0,2.0,0.5,7.0,37.0,17.0,4.0,2.0,9.0,15.0,18.0,55.0,0.327,6.0,17.0,0.353,11.0,12.0,0.917,6.0,22.0,5.0,5.0,0.0,4.0,5.0
kentucky,21,2023-01-28,H,Kansas,L,68.0,77.0,25.0,51.0,0.49,2.0,13.0,0.154,16.0,23.0,0.696,2.0,26.0,16.0,7.0,3.0,10.0,14.0,31.0,63.0,0.492,6.0,16.0,0.375,9.0,10.0,0.9,6.0,31.0,18.0,9.0,2.0,10.0,18.0
kentucky,22,2023-01-31,@,Ole Miss,W,75.0,66.0,25.0,52.0,0.481,6.0,12.0,0.5,19.0,23.0,0.826,7.0,30.0,17.0,5.0,1.0,8.0,14.0,27.0,61.0,0.443,4.0,19.0,0.211,8.0,10.0,0.8,8.0,27.0,18.0,4.0,1.0,7.0,18.0
kentucky,23,2023-02-04,H,Florida,W,72.0,67.0,28.0,62.0,0.452,5.0,11.0,0.455,11.0,13.0,0.846,11.0,35.0,10.0,6.0,5.0,9.0,14.0,23.0,55.0,0.418,6.0,19.0,0.316,15.0,17.0,0.882,8.0,27.0,11.0,5.0,5.0,9.0,14.0
la-salle,1,2022-11-07,@,Villanova,L,68.0,81.0,22.0,55.0,0.4,10.0,25.0,0.4,14.0,20.0,0.7,9.0,27.0,11.0,6.0,0.0,8.0,15.0,29.0,52.0,0.558,13.0,20.0,0.65,10.0,11.0,0.909,5.0,30.0,13.0,4.0,4.0,9.0,18.0
la-salle,2,2022-11-12,H,Wagner,W,77.0,69.0,21.0,46.0,0.457,5.0,15.0,0.333,30.0,40.0,0.75,4.0,30.0,14.0,6.0,4.0,15.0,23.0,24.0,65.0,0.369,8.0,26.0,0.308,13.0,23.0,0.565,12.0,33.0,16.0,6.0,2.0,13.0,31.0
la-salle,3,2022-11-15,H,Queens (NC),W,72.0,60.0,28.0,68.0,0.412,7.0,23.0,0.304,9.0,13.0,0.692,8.0,24.0,14.0,9.0,2.0,8.0,16.0,20.0,49.0,0.408,5.0,20.0,0.25,15.0,18.0,0.833,12.0,39.0,10.0,4.0,7.0,24.0,20.0
la-salle,4,2022-11-18,N,Wake Forest,L,63.0,75.0,21.0,53.0,0.396,11.0,26.0,0.423,10.0,16.0,0.625,6.0,33.0,13.0,2.0,4.0,16.0,16.0,29.0,65.0,0.446,8.0,27.0,0.296,9.0,10.0,0.9,7.0,33.0,12.0,8.0,4.0,10.0,16.0
la-salle,5,2022-11-20,N,Georgetown,L,62.0,69.0,25.0,65.0,0.385,5.0,25.0,0.2,7.0,16.0,0.438,12.0,37.0,7.0,9.0,2.0,13.0,20.0,25.0,59.0,0.424,3.0,12.0,0.25,16.0,20.0,0.8,8.0,42.0,9.0,6.0,6.0,12.0,18.0
la-salle,6,2022-11-26,H,Binghamton,W,65.0,62.0,23.0,60.0,0.383,8.0,26.0,0.308,11.0,18.0,0.611,7.0,25.0,12.0,11.0,4.0,10.0,20.0,21.0,47.0,0.447,4.0,15.0,0.267,16.0,24.0,0.667,4.0,32.0,11.0,5.0,3.0,20.0,19.0
la-salle,7,2022-11-30,H,Temple,L,51.0,67.0,22.0,69.0,0.319,4.0,19.0,0.211,3.0,6.0,0.5,12.0,35.0,11.0,10.0,3.0,11.0,19.0,24.0,52.0,0.462,7.0,19.0,0.368,12.0,18.0,0.667,6.0,38.0,11.0,2.0,5.0,12.0,13.0
la-salle,8,2022-12-03,@,Penn,W (1 OT),84.0,81.0,32.0,68.0,0.471,10.0,27.0,0.37,10.0,17.0,0.588,12.0,37.0,12.0,6.0,1.0,9.0,19.0,27.0,61.0,0.443,10.0,29.0,0.345,17.0,21.0,0.81,6.0,29.0,12.0,4.0,1.0,10.0,16.0
la-salle,9,2022-12-06,H,Bucknell,W,82.0,72.0,33.0,66.0,0.5,10.0,26.0,0.385,6.0,6.0,1.0,9.0,30.0,22.0,8.0,6.0,14.0,9.0,28.0,59.0,0.475,7.0,14.0,0.5,9.0,14.0,0.643,6.0,27.0,16.0,9.0,3.0,11.0,13.0
la-salle,10,2022-12-10,H,Drexel,L (1 OT),58.0,65.0,23.0,65.0,0.354,5.0,19.0,0.263,7.0,9.0,0.778,7.0,38.0,7.0,5.0,3.0,9.0,15.0,25.0,73.0,0.342,4.0,23.0,0.174,11.0,15.0,0.733,12.0,42.0,15.0,5.0,5.0,6.0,9.0
la-salle,11,2022-12-17,@,Cincinnati,L,60.0,78.0,25.0,62.0,0.403,4.0,17.0,0.235,6.0,9.0,0.667,7.0,33.0,12.0,7.0,1.0,23.0,23.0,25.0,60.0,0.417,8.0,23.0,0.348,20.0,28.0,0.714,7.0,28.0,15.0,10.0,8.0,11.0,10.0
la-salle,12,2022-12-21,H,Lafayette,L,65.0,90.0,23.0,56.0,0.411,6.0,18.0,0.333,13.0,19.0,0.684,6.0,19.0,11.0,8.0,0.0,6.0,13.0,32.0,52.0,0.615,15.0,26.0,0.577,11.0,14.0,0.786,7.0,33.0,24.0,6.0,7.0,12.0,16.0
la-salle,13,2022-12-29,@,Howard,W,80.0,76.0,24.0,44.0,0.545,9.0,18.0,0.5,23.0,30.0,0.767,6.0,25.0,11.0,9.0,3.0,19.0,22.0,27.0,51.0,0.529,2.0,12.0,0.167,20.0,27.0,0.741,7.0,24.0,11.0,9.0,4.0,16.0,22.0
la-salle,14,2022-12-31,@,VCU,L,67.0,80.0,26.0,64.0,0.406,5.0,18.0,0.278,10.0,12.0,0.833,12.0,35.0,9.0,11.0,6.0,18.0,17.0,31.0,64.0,0.484,8.0,19.0,0.421,10.0,15.0,0.667,9.0,34.0,16.0,11.0,3.0,15.0,12.0
la-salle,15,2023-01-07,H,Rhode Island,W (1 OT),77.0,75.0,28.0,75.0,0.373,5.0,17.0,0.294,16.0,22.0,0.727,18.0,40.0,14.0,7.0,9.0,7.0,18.0,26.0,66.0,0.394,4.0,16.0,0.25,19.0,26.0,0.731,15.0,44.0,10.0,5.0,11.0,12.0,17.0
la-salle,16,2023-01-11,@,UMass,W,78.0,77.0,32.0,61.0,0.525,10.0,26.0,0.385,4.0,7.0,0.571,8.0,26.0,17.0,7.0,5.0,13.0,16.0,29.0,61.0,0.475,8.0,19.0,0.421,11.0,17.0,0.647,17.0,37.0,18.0,4.0,3.0,15.0,13.0
la-salle,17,2023-01-14,H,Fordham,L,64.0,66.0,23.0,49.0,0.469,5.0,12.0,0.417,13.0,19.0,0.684,6.0,29.0,9.0,5.0,8.0,17.0,13.0,27.0,69.0,0.391,7.0,21.0,0.333,5.0,5.0,1.0,14.0,33.0,13.0,10.0,6.0,11.0,20.0
la-salle,18,2023-01-16,H,St. Joseph's,L,59.0,71.0,18.0,61.0,0.295,6.0,27.0,0.222,17.0,25.0,0.68,10.0,30.0,7.0,13.0,3.0,9.0,15.0,26.0,51.0,0.51,11.0,22.0,0.5,8.0,12.0,0.667,8.0,40.0,16.0,5.0,6.0,20.0,24.0
la-salle,19,2023-01-21,@,Saint Louis,L,71.0,84.0,25.0,70.0,0.357,7.0,23.0,0.304,14.0,19.0,0.737,15.0,38.0,15.0,6.0,4.0,8.0,22.0,31.0,64.0,0.484,7.0,17.0,0.412,15.0,24.0,0.625,13.0,44.0,14.0,6.0,9.0,9.0,15.0
la-salle,20,2023-01-24,H,Davidson,L,57.0,64.0,19.0,56.0,0.339,5.0,18.0,0.278,14.0,16.0,0.875,13.0,35.0,9.0,9.0,1.0,14.0,18.0,23.0,55.0,0.418,9.0,22.0,0.409,9.0,12.0,0.75,8.0,29.0,16.0,6.0,5.0,11.0,15.0
la-salle,21,2023-01-28,@,Rhode Island,L,70.0,72.0,23.0,57.0,0.404,11.0,27.0,0.407,13.0,18.0,0.722,7.0,30.0,13.0,5.0,5.0,12.0,19.0,27.0,61.0,0.443,7.0,17.0,0.412,11.0,21.0,0.524,11.0,38.0,12.0,4.0,3.0,14.0,14.0
la-salle,22,2023-02-01,H,George Washington,W,75.0,64.0,26.0,53.0,0.491,5.0,15.0,0.333,18.0,25.0,0.72,10.0,34.0,14.0,7.0,2.0,15.0,19.0,21.0,56.0,0.375,6.0,20.0,0.3,16.0,22.0,0.727,11.0,32.0,9.0,7.0,4.0,16.0,22.0
lafayette,1,2022-11-07,@,Miami (FL),L,54.0,67.0,19.0,52.0,0.365,10.0,34.0,0.294,6.0,16.0,0.375,8.0,32.0,14.0,4.0,2.0,14.0,21.0,21.0,58.0,0.362,10.0,34.0,0.294,15.0,25.0,0.6,17.0,43.0,13.0,9.0,1.0,9.0,17.0
lafayette,2,2022-11-12,@,St. John's (NY),L,68.0,83.0,25.0,59.0,0.424,14.0,35.0,0.4,4.0,9.0,0.444,9.0,28.0,14.0,5.0,0.0,11.0,18.0,28.0,54.0,0.519,10.0,20.0,0.5,17.0,20.0,0.85,6.0,33.0,19.0,5.0,2.0,10.0,13.0
lafayette,3,2022-11-14,@,St. Joseph's,L,59.0,63.0,21.0,49.0,0.429,13.0,31.0,0.419,4.0,7.0,0.571,3.0,20.0,17.0,9.0,3.0,13.0,14.0,21.0,50.0,0.42,14.0,33.0,0.424,7.0,10.0,0.7,6.0,28.0,15.0,7.0,1.0,19.0,13.0
lafayette,4,2022-11-18,@,UMBC,L,63.0,71.0,24.0,49.0,0.49,6.0,21.0,0.286,9.0,11.0,0.818,2.0,25.0,15.0,4.0,2.0,13.0,17.0,22.0,51.0,0.431,11.0,31.0,0.355,16.0,22.0,0.727,5.0,23.0,13.0,7.0,2.0,10.0,14.0
lafayette,5,2022-11-19,N,Central Connecticut,W,55.0,50.0,19.0,45.0,0.422,9.0,23.0,0.391,8.0,9.0,0.889,4.0,27.0,17.0,4.0,2.0,13.0,12.0,17.0,51.0,0.333,8.0,25.0,0.32,8.0,10.0,0.8,4.0,25.0,10.0,5.0,2.0,10.0,13.0
lafayette,6,2022-11-22,H,Penn,L (1 OT),68.0,74.0,21.0,56.0,0.375,8.0,31.0,0.258,18.0,23.0,0.783,6.0,34.0,11.0,2.0,4.0,10.0,17.0,27.0,62.0,0.435,5.0,22.0,0.227,15.0,25.0,0.6,10.0,42.0,10.0,6.0,1.0,8.0,18.0
lafayette,7,2022-11-25,@,Penn State,L,57.0,70.0,18.0,58.0,0.31,9.0,28.0,0.321,12.0,18.0,0.667,15.0,38.0,13.0,4.0,1.0,11.0,9.0,27.0,56.0,0.482,11.0,27.0,0.407,5.0,6.0,0.833,5.0,30.0,17.0,6.0,2.0,8.0,14.0
lafayette,8,2022-11-30,@,Drexel,L,56.0,64.0,24.0,50.0,0.48,6.0,25.0,0.24,2.0,2.0,1.0,4.0,17.0,17.0,6.0,2.0,11.0,14.0,26.0,53.0,0.491,5.0,19.0,0.263,7.0,8.0,0.875,6.0,26.0,8.0,9.0,2.0,12.0,7.0
lafayette,9,2022-12-04,@,Cornell,L,68.0,73.0,24.0,60.0,0.4,11.0,27.0,0.407,9.0,11.0,0.818,7.0,32.0,18.0,3.0,3.0,11.0,18.0,26.0,61.0,0.426,8.0,26.0,0.308,13.0,18.0,0.722,9.0,33.0,13.0,8.0,4.0,8.0,15.0
lafayette,10,2022-12-06,@,Princeton,L,58.0,69.0,21.0,57.0,0.368,6.0,24.0,0.25,10.0,12.0,0.833,5.0,25.0,10.0,6.0,2.0,7.0,17.0,24.0,52.0,0.462,5.0,17.0,0.294,16.0,20.0,0.8,6.0,35.0,13.0,4.0,3.0,8.0,10.0
lafayette,11,2022-12-10,@,Quinnipiac,L,63.0,76.0,21.0,56.0,0.375,12.0,36.0,0.333,9.0,15.0,0.6,9.0,23.0,15.0,7.0,5.0,10.0,16.0,29.0,55.0,0.527,8.0,19.0,0.421,10.0,16.0,0.625,11.0,40.0,17.0,6.0,3.0,15.0,17.0
lafayette,12,2022-12-12,H,Columbia,L,45.0,57.0,19.0,58.0,0.328,7.0,33.0,0.212,0.0,6.0,0.0,3.0,24.0,13.0,7.0,5.0,9.0,13.0,20.0,51.0,0.392,5.0,15.0,0.333,12.0,16.0,0.75,10.0,45.0,9.0,5.0,1.0,15.0,12.0
lafayette,13,2022-12-21,@,La Salle,W,90.0,65.0,32.0,52.0,0.615,15.0,26.0,0.577,11.0,14.0,0.786,7.0,33.0,24.0,6.0,7.0,12.0,16.0,23.0,56.0,0.411,6.0,18.0,0.333,13.0,19.0,0.684,6.0,19.0,11.0,8.0,0.0,6.0,13.0
lafayette,14,2022-12-30,H,American,L,47.0,60.0,17.0,52.0,0.327,9.0,30.0,0.3,4.0,8.0,0.5,3.0,16.0,16.0,12.0,1.0,15.0,21.0,21.0,35.0,0.6,4.0,16.0,0.25,14.0,23.0,0.609,7.0,36.0,12.0,11.0,4.0,24.0,10.0
lafayette,15,2023-01-02,H,Army,L,65.0,82.0,25.0,61.0,0.41,7.0,23.0,0.304,8.0,12.0,0.667,9.0,25.0,20.0,6.0,1.0,5.0,11.0,31.0,53.0,0.585,12.0,18.0,0.667,8.0,9.0,0.889,7.0,35.0,20.0,2.0,2.0,12.0,14.0
lafayette,16,2023-01-05,@,Boston University,L (1 OT),69.0,73.0,23.0,61.0,0.377,13.0,35.0,0.371,10.0,10.0,1.0,7.0,27.0,14.0,4.0,5.0,10.0,19.0,26.0,60.0,0.433,8.0,22.0,0.364,13.0,18.0,0.722,12.0,41.0,9.0,4.0,5.0,11.0,14.0
lafayette,17,2023-01-08,H,Bucknell,W (1 OT),74.0,67.0,27.0,63.0,0.429,10.0,28.0,0.357,10.0,21.0,0.476,11.0,36.0,20.0,9.0,5.0,12.0,17.0,24.0,56.0,0.429,7.0,24.0,0.292,12.0,17.0,0.706,8.0,36.0,11.0,6.0,0.0,18.0,18.0
lafayette,18,2023-01-11,@,Navy,W,59.0,50.0,18.0,45.0,0.4,8.0,20.0,0.4,15.0,25.0,0.6,4.0,30.0,14.0,5.0,5.0,10.0,17.0,20.0,52.0,0.385,4.0,19.0,0.211,6.0,13.0,0.462,7.0,29.0,12.0,5.0,2.0,9.0,22.0
lafayette,19,2023-01-14,H,Holy Cross,W,62.0,48.0,21.0,55.0,0.382,10.0,28.0,0.357,10.0,17.0,0.588,7.0,33.0,14.0,5.0,3.0,8.0,14.0,17.0,52.0,0.327,5.0,19.0,0.263,9.0,14.0,0.643,5.0,33.0,7.0,3.0,4.0,12.0,19.0
lafayette,20,2023-01-18,@,American,W,70.0,59.0,30.0,55.0,0.545,9.0,21.0,0.429,1.0,2.0,0.5,7.0,21.0,17.0,10.0,1.0,7.0,13.0,23.0,41.0,0.561,8.0,19.0,0.421,5.0,6.0,0.833,2.0,21.0,14.0,4.0,7.0,15.0,10.0
lafayette,21,2023-01-21,@,Lehigh,L,49.0,61.0,18.0,59.0,0.305,8.0,30.0,0.267,5.0,10.0,0.5,2.0,25.0,10.0,9.0,4.0,7.0,15.0,21.0,50.0,0.42,4.0,13.0,0.308,15.0,18.0,0.833,6.0,41.0,9.0,3.0,2.0,14.0,14.0
lafayette,22,2023-01-25,H,Loyola (MD),W,62.0,46.0,22.0,48.0,0.458,8.0,22.0,0.364,10.0,15.0,0.667,6.0,38.0,16.0,8.0,2.0,12.0,12.0,18.0,55.0,0.327,6.0,25.0,0.24,4.0,14.0,0.286,9.0,30.0,9.0,10.0,5.0,11.0,17.0
lafayette,23,2023-01-28,@,Colgate,L,57.0,69.0,24.0,61.0,0.393,6.0,24.0,0.25,3.0,5.0,0.6,11.0,34.0,15.0,4.0,4.0,11.0,16.0,25.0,56.0,0.446,7.0,21.0,0.333,12.0,19.0,0.632,8.0,35.0,17.0,5.0,2.0,7.0,9.0
lafayette,24,2023-02-01,H,Navy,L,34.0,53.0,14.0,49.0,0.286,4.0,21.0,0.19,2.0,7.0,0.286,6.0,28.0,11.0,4.0,2.0,14.0,10.0,20.0,46.0,0.435,6.0,21.0,0.286,7.0,10.0,0.7,2.0,33.0,10.0,10.0,2.0,10.0,10.0
lafayette,25,2023-02-04,H,Lehigh,L,64.0,66.0,21.0,56.0,0.375,6.0,31.0,0.194,16.0,23.0,0.696,9.0,38.0,14.0,7.0,6.0,11.0,19.0,21.0,53.0,0.396,7.0,20.0,0.35,17.0,22.0,0.773,3.0,30.0,14.0,7.0,0.0,9.0,20.0
