evansville,1,2022-11-07,@,Miami (OH),W,78.0,74.0,28.0,60.0,0.467,7.0,23.0,0.304,15.0,20.0,0.75,8.0,33.0,9.0,5.0,2.0,12.0,17.0,26.0,60.0,0.433,6.0,23.0,0.261,16.0,20.0,0.8,7.0,27.0,11.0,7.0,1.0,13.0,16.0
evansville,2,2022-11-12,@,Saint Louis,L,65.0,83.0,22.0,66.0,0.333,6.0,21.0,0.286,15.0,18.0,0.833,7.0,26.0,13.0,8.0,1.0,6.0,12.0,31.0,61.0,0.508,11.0,22.0,0.5,10.0,10.0,1.0,6.0,42.0,21.0,1.0,5.0,11.0,17.0
evansville,3,2022-11-16,H,Southeast Missouri State,L,61.0,67.0,20.0,62.0,0.323,3.0,22.0,0.136,18.0,31.0,0.581,16.0,39.0,4.0,6.0,2.0,12.0,19.0,23.0,55.0,0.418,6.0,18.0,0.333,15.0,16.0,0.938,4.0,32.0,8.0,3.0,1.0,12.0,24.0
evansville,4,2022-11-19,@,SMU,L,47.0,55.0,19.0,66.0,0.288,4.0,22.0,0.182,5.0,7.0,0.714,9.0,41.0,10.0,4.0,3.0,12.0,19.0,17.0,53.0,0.321,5.0,20.0,0.25,16.0,21.0,0.762,5.0,40.0,7.0,7.0,5.0,12.0,16.0
evansville,5,2022-11-23,@,UCF,L,56.0,76.0,21.0,62.0,0.339,7.0,25.0,0.28,7.0,13.0,0.538,9.0,30.0,9.0,9.0,1.0,12.0,14.0,26.0,52.0,0.5,10.0,20.0,0.5,14.0,18.0,0.778,7.0,39.0,15.0,7.0,6.0,17.0,13.0
evansville,6,2022-11-25,N,South Alabama,L,67.0,78.0,25.0,53.0,0.472,5.0,14.0,0.357,12.0,18.0,0.667,4.0,29.0,11.0,2.0,2.0,10.0,16.0,27.0,60.0,0.45,10.0,31.0,0.323,14.0,18.0,0.778,7.0,32.0,17.0,5.0,2.0,6.0,15.0
evansville,7,2022-11-26,N,Robert Morris,W,54.0,53.0,21.0,58.0,0.362,7.0,17.0,0.412,5.0,11.0,0.455,8.0,30.0,12.0,7.0,3.0,8.0,16.0,19.0,49.0,0.388,7.0,19.0,0.368,8.0,14.0,0.571,8.0,36.0,11.0,4.0,3.0,15.0,16.0
evansville,8,2022-11-27,N,Fairfield,L,56.0,63.0,23.0,58.0,0.397,3.0,13.0,0.231,7.0,17.0,0.412,4.0,24.0,8.0,9.0,0.0,10.0,28.0,18.0,41.0,0.439,4.0,15.0,0.267,23.0,34.0,0.676,4.0,37.0,7.0,3.0,2.0,16.0,18.0
evansville,9,2022-11-30,H,Southern Illinois,L,53.0,80.0,21.0,52.0,0.404,5.0,19.0,0.263,6.0,8.0,0.75,6.0,24.0,11.0,9.0,2.0,20.0,10.0,34.0,56.0,0.607,12.0,24.0,0.5,0.0,2.0,0.0,4.0,26.0,23.0,16.0,1.0,15.0,12.0
evansville,10,2022-12-03,@,Northern Iowa,L,55.0,72.0,22.0,59.0,0.373,4.0,21.0,0.19,7.0,9.0,0.778,6.0,27.0,7.0,4.0,2.0,11.0,8.0,28.0,62.0,0.452,11.0,27.0,0.407,5.0,9.0,0.556,8.0,33.0,17.0,3.0,4.0,11.0,8.0
evansville,11,2022-12-07,H,Campbell,W,72.0,66.0,26.0,53.0,0.491,9.0,24.0,0.375,11.0,17.0,0.647,4.0,27.0,17.0,8.0,2.0,12.0,17.0,23.0,52.0,0.442,5.0,21.0,0.238,15.0,16.0,0.938,4.0,28.0,13.0,5.0,0.0,13.0,15.0
evansville,12,2022-12-10,@,Ball State,L,69.0,88.0,23.0,59.0,0.39,9.0,18.0,0.5,14.0,22.0,0.636,10.0,33.0,12.0,6.0,4.0,13.0,27.0,24.0,54.0,0.444,9.0,19.0,0.474,31.0,40.0,0.775,12.0,38.0,11.0,8.0,5.0,11.0,19.0
evansville,13,2022-12-21,H,Bellarmine,W,73.0,61.0,24.0,55.0,0.436,10.0,28.0,0.357,15.0,21.0,0.714,6.0,31.0,20.0,7.0,3.0,9.0,13.0,19.0,45.0,0.422,12.0,27.0,0.444,11.0,18.0,0.611,4.0,30.0,16.0,4.0,2.0,16.0,20.0
evansville,14,2022-12-29,@,Indiana State,L,63.0,91.0,24.0,63.0,0.381,3.0,13.0,0.231,12.0,20.0,0.6,12.0,38.0,5.0,4.0,4.0,15.0,17.0,29.0,60.0,0.483,13.0,32.0,0.406,20.0,22.0,0.909,5.0,29.0,19.0,6.0,2.0,7.0,17.0
evansville,15,2023-01-01,H,Murray State,L,61.0,78.0,20.0,51.0,0.392,5.0,15.0,0.333,16.0,22.0,0.727,2.0,27.0,6.0,3.0,1.0,11.0,13.0,29.0,61.0,0.475,8.0,23.0,0.348,12.0,14.0,0.857,5.0,31.0,15.0,7.0,3.0,5.0,16.0
evansville,16,2023-01-04,@,Missouri State,L,62.0,85.0,23.0,47.0,0.489,6.0,10.0,0.6,10.0,18.0,0.556,2.0,20.0,10.0,11.0,3.0,16.0,15.0,32.0,65.0,0.492,9.0,23.0,0.391,12.0,18.0,0.667,16.0,41.0,15.0,11.0,5.0,12.0,17.0
evansville,17,2023-01-07,H,Illinois State,L,61.0,69.0,18.0,48.0,0.375,7.0,16.0,0.438,18.0,29.0,0.621,3.0,20.0,7.0,6.0,0.0,14.0,21.0,24.0,50.0,0.48,5.0,16.0,0.313,16.0,17.0,0.941,7.0,35.0,14.0,8.0,1.0,17.0,23.0
evansville,18,2023-01-11,@,Bradley,L,46.0,91.0,16.0,46.0,0.348,4.0,17.0,0.235,10.0,13.0,0.769,1.0,22.0,6.0,4.0,3.0,17.0,16.0,35.0,64.0,0.547,12.0,24.0,0.5,9.0,17.0,0.529,8.0,37.0,19.0,8.0,4.0,6.0,15.0
evansville,19,2023-01-14,H,Valparaiso,L,69.0,76.0,22.0,47.0,0.468,7.0,19.0,0.368,18.0,36.0,0.5,6.0,31.0,9.0,7.0,3.0,12.0,23.0,27.0,55.0,0.491,6.0,23.0,0.261,16.0,22.0,0.727,6.0,33.0,12.0,4.0,0.0,12.0,25.0
evansville,20,2023-01-17,@,Southern Illinois,L,70.0,77.0,27.0,57.0,0.474,9.0,17.0,0.529,7.0,15.0,0.467,6.0,29.0,15.0,13.0,1.0,19.0,18.0,30.0,64.0,0.469,7.0,29.0,0.241,10.0,16.0,0.625,10.0,33.0,17.0,13.0,1.0,18.0,17.0
evansville,21,2023-01-21,H,Drake,L,61.0,97.0,25.0,60.0,0.417,8.0,20.0,0.4,3.0,10.0,0.3,3.0,21.0,13.0,3.0,1.0,9.0,12.0,38.0,67.0,0.567,14.0,27.0,0.519,7.0,8.0,0.875,5.0,37.0,31.0,4.0,1.0,5.0,14.0
evansville,22,2023-01-25,H,Belmont,L,64.0,73.0,25.0,63.0,0.397,8.0,21.0,0.381,6.0,11.0,0.545,7.0,31.0,13.0,6.0,2.0,11.0,12.0,28.0,57.0,0.491,10.0,27.0,0.37,7.0,7.0,1.0,3.0,35.0,17.0,7.0,2.0,11.0,13.0
evansville,23,2023-01-28,@,Valparaiso,L,69.0,81.0,26.0,60.0,0.433,9.0,26.0,0.346,8.0,12.0,0.667,5.0,25.0,13.0,7.0,0.0,11.0,15.0,29.0,57.0,0.509,5.0,22.0,0.227,18.0,21.0,0.857,6.0,38.0,19.0,6.0,2.0,13.0,14.0
evansville,24,2023-02-01,H,Indiana State,L,65.0,83.0,23.0,55.0,0.418,5.0,19.0,0.263,14.0,19.0,0.737,3.0,24.0,9.0,7.0,2.0,14.0,17.0,28.0,52.0,0.538,13.0,26.0,0.5,14.0,18.0,0.778,5.0,34.0,19.0,5.0,2.0,14.0,18.0
evansville,25,2023-02-04,@,UIC,L,61.0,70.0,22.0,66.0,0.333,4.0,21.0,0.19,13.0,20.0,0.65,10.0,37.0,9.0,7.0,0.0,11.0,17.0,27.0,62.0,0.435,6.0,26.0,0.231,10.0,16.0,0.625,12.0,39.0,17.0,4.0,9.0,15.0,19.0
fairfield,1,2022-11-07,@,Wake Forest,L,59.0,71.0,21.0,55.0,0.382,8.0,29.0,0.276,9.0,17.0,0.529,7.0,31.0,7.0,4.0,4.0,12.0,29.0,18.0,46.0,0.391,6.0,22.0,0.273,29.0,39.0,0.744,6.0,31.0,10.0,9.0,1.0,10.0,20.0
fairfield,2,2022-11-11,@,New Hampshire,L,71.0,83.0,23.0,51.0,0.451,7.0,19.0,0.368,18.0,22.0,0.818,4.0,25.0,8.0,5.0,2.0,8.0,15.0,28.0,53.0,0.528,13.0,24.0,0.542,14.0,18.0,0.778,6.0,30.0,13.0,4.0,2.0,7.0,14.0
fairfield,3,2022-11-15,@,Xavier,L,65.0,78.0,22.0,61.0,0.361,7.0,24.0,0.292,14.0,17.0,0.824,6.0,26.0,14.0,11.0,2.0,12.0,18.0,30.0,57.0,0.526,7.0,16.0,0.438,11.0,20.0,0.55,10.0,36.0,23.0,6.0,8.0,17.0,18.0
fairfield,4,2022-11-18,@,Wagner,L,52.0,68.0,15.0,49.0,0.306,6.0,25.0,0.24,16.0,22.0,0.727,6.0,24.0,7.0,5.0,3.0,10.0,15.0,24.0,47.0,0.511,8.0,17.0,0.471,12.0,16.0,0.75,5.0,33.0,14.0,6.0,1.0,12.0,22.0
fairfield,5,2022-11-25,N,Towson,W,74.0,69.0,25.0,50.0,0.5,11.0,23.0,0.478,13.0,20.0,0.65,7.0,26.0,6.0,1.0,2.0,8.0,20.0,24.0,54.0,0.444,3.0,13.0,0.231,18.0,24.0,0.75,11.0,32.0,8.0,2.0,2.0,8.0,17.0
fairfield,6,2022-11-26,N,Mercer,L,58.0,60.0,23.0,59.0,0.39,3.0,23.0,0.13,9.0,11.0,0.818,9.0,30.0,7.0,3.0,4.0,9.0,13.0,23.0,50.0,0.46,2.0,11.0,0.182,12.0,15.0,0.8,7.0,30.0,6.0,6.0,2.0,12.0,13.0
fairfield,7,2022-11-27,N,Evansville,W,63.0,56.0,18.0,41.0,0.439,4.0,15.0,0.267,23.0,34.0,0.676,4.0,37.0,7.0,3.0,2.0,16.0,18.0,23.0,58.0,0.397,3.0,13.0,0.231,7.0,17.0,0.412,4.0,24.0,8.0,9.0,0.0,10.0,28.0
fairfield,8,2022-12-01,@,Manhattan,L,53.0,56.0,19.0,59.0,0.322,7.0,31.0,0.226,8.0,14.0,0.571,20.0,39.0,8.0,6.0,4.0,15.0,11.0,24.0,54.0,0.444,5.0,18.0,0.278,3.0,6.0,0.5,9.0,29.0,9.0,8.0,8.0,11.0,12.0
fairfield,9,2022-12-03,H,St. Peter's,W,67.0,55.0,19.0,42.0,0.452,4.0,11.0,0.364,25.0,31.0,0.806,5.0,31.0,10.0,4.0,6.0,12.0,11.0,24.0,65.0,0.369,4.0,15.0,0.267,3.0,6.0,0.5,11.0,31.0,9.0,3.0,2.0,10.0,25.0
fairfield,10,2022-12-07,H,Sacred Heart,W,61.0,59.0,23.0,59.0,0.39,4.0,23.0,0.174,11.0,19.0,0.579,14.0,44.0,9.0,4.0,2.0,14.0,10.0,22.0,61.0,0.361,6.0,21.0,0.286,9.0,11.0,0.818,5.0,27.0,7.0,10.0,3.0,9.0,15.0
fairfield,11,2022-12-12,H,Yale,L,64.0,77.0,17.0,44.0,0.386,6.0,20.0,0.3,24.0,35.0,0.686,12.0,26.0,8.0,6.0,2.0,14.0,19.0,28.0,57.0,0.491,6.0,21.0,0.286,15.0,20.0,0.75,15.0,34.0,10.0,8.0,3.0,13.0,22.0
fairfield,12,2022-12-18,H,Coast Guard,W,86.0,45.0,32.0,67.0,0.478,9.0,30.0,0.3,13.0,16.0,0.813,11.0,47.0,20.0,8.0,9.0,9.0,10.0,18.0,66.0,0.273,6.0,24.0,0.25,3.0,10.0,0.3,11.0,33.0,8.0,7.0,3.0,11.0,16.0
fairfield,14,2022-12-30,H,Marist,W,73.0,54.0,24.0,60.0,0.4,9.0,25.0,0.36,16.0,20.0,0.8,7.0,30.0,19.0,11.0,5.0,8.0,14.0,20.0,52.0,0.385,1.0,13.0,0.077,13.0,17.0,0.765,10.0,39.0,6.0,5.0,5.0,19.0,18.0
fairfield,15,2023-01-01,H,Siena,L,61.0,70.0,23.0,61.0,0.377,5.0,16.0,0.313,10.0,18.0,0.556,15.0,35.0,8.0,7.0,5.0,12.0,15.0,28.0,52.0,0.538,4.0,9.0,0.444,10.0,13.0,0.769,4.0,32.0,14.0,6.0,7.0,13.0,19.0
fairfield,16,2023-01-06,H,Niagara,L (1 OT),69.0,77.0,21.0,66.0,0.318,2.0,16.0,0.125,25.0,29.0,0.862,14.0,41.0,5.0,4.0,5.0,11.0,19.0,29.0,64.0,0.453,5.0,18.0,0.278,14.0,18.0,0.778,5.0,37.0,9.0,5.0,7.0,8.0,21.0
fairfield,17,2023-01-13,@,Iona,L,69.0,75.0,28.0,62.0,0.452,5.0,20.0,0.25,8.0,10.0,0.8,11.0,31.0,18.0,6.0,4.0,9.0,17.0,27.0,55.0,0.491,6.0,15.0,0.4,15.0,21.0,0.714,8.0,27.0,14.0,6.0,6.0,11.0,11.0
fairfield,18,2023-01-15,@,St. Peter's,W,56.0,52.0,19.0,37.0,0.514,4.0,11.0,0.364,14.0,17.0,0.824,3.0,26.0,10.0,1.0,9.0,16.0,9.0,21.0,76.0,0.276,3.0,24.0,0.125,7.0,9.0,0.778,21.0,33.0,8.0,12.0,0.0,4.0,18.0
fairfield,19,2023-01-20,H,Canisius,W,67.0,58.0,22.0,49.0,0.449,5.0,14.0,0.357,18.0,28.0,0.643,8.0,30.0,8.0,5.0,2.0,11.0,13.0,23.0,56.0,0.411,3.0,17.0,0.176,9.0,11.0,0.818,7.0,27.0,10.0,7.0,2.0,12.0,22.0
fairfield,20,2023-01-22,@,Siena,W,62.0,52.0,22.0,58.0,0.379,5.0,19.0,0.263,13.0,16.0,0.813,10.0,34.0,8.0,5.0,9.0,6.0,12.0,20.0,56.0,0.357,4.0,12.0,0.333,8.0,12.0,0.667,7.0,32.0,10.0,3.0,7.0,10.0,17.0
fairfield,21,2023-01-26,@,Mount St. Mary's,W,63.0,60.0,22.0,55.0,0.4,6.0,19.0,0.316,13.0,22.0,0.591,8.0,28.0,9.0,10.0,2.0,6.0,13.0,21.0,47.0,0.447,7.0,21.0,0.333,11.0,14.0,0.786,7.0,34.0,15.0,2.0,2.0,17.0,18.0
fairfield,22,2023-01-29,H,Rider,L (1 OT),69.0,78.0,23.0,56.0,0.411,6.0,24.0,0.25,17.0,27.0,0.63,11.0,28.0,8.0,8.0,2.0,6.0,15.0,30.0,64.0,0.469,5.0,17.0,0.294,13.0,14.0,0.929,14.0,36.0,11.0,5.0,2.0,11.0,17.0
fairfield,23,2023-02-03,@,Quinnipiac,L,51.0,66.0,21.0,63.0,0.333,1.0,16.0,0.063,8.0,11.0,0.727,12.0,29.0,4.0,9.0,2.0,11.0,12.0,29.0,61.0,0.475,6.0,21.0,0.286,2.0,3.0,0.667,12.0,41.0,12.0,6.0,4.0,14.0,13.0
fairleigh-dickinson,1,2022-11-07,@,Loyola (IL),L (1 OT),82.0,88.0,30.0,75.0,0.4,7.0,28.0,0.25,15.0,23.0,0.652,18.0,40.0,11.0,9.0,2.0,14.0,25.0,31.0,67.0,0.463,8.0,36.0,0.222,18.0,26.0,0.692,13.0,42.0,21.0,7.0,5.0,18.0,23.0
fairleigh-dickinson,2,2022-11-09,H,Mercy,W,106.0,66.0,42.0,76.0,0.553,10.0,23.0,0.435,12.0,17.0,0.706,14.0,46.0,27.0,13.0,1.0,15.0,16.0,26.0,61.0,0.426,9.0,23.0,0.391,5.0,13.0,0.385,5.0,23.0,13.0,12.0,5.0,23.0,21.0
fairleigh-dickinson,3,2022-11-13,H,Manhattan,W,77.0,74.0,31.0,67.0,0.463,7.0,21.0,0.333,8.0,11.0,0.727,13.0,32.0,14.0,12.0,4.0,14.0,20.0,28.0,59.0,0.475,6.0,20.0,0.3,12.0,17.0,0.706,8.0,31.0,21.0,9.0,5.0,17.0,15.0
fairleigh-dickinson,4,2022-11-18,N,SIU-Edwardsville,L,78.0,79.0,27.0,62.0,0.435,8.0,21.0,0.381,16.0,20.0,0.8,9.0,30.0,11.0,7.0,4.0,14.0,30.0,27.0,58.0,0.466,2.0,11.0,0.182,23.0,34.0,0.676,12.0,37.0,7.0,5.0,6.0,13.0,22.0
fairleigh-dickinson,5,2022-11-19,@,Longwood,L,83.0,99.0,30.0,61.0,0.492,11.0,30.0,0.367,12.0,15.0,0.8,8.0,24.0,17.0,1.0,0.0,8.0,23.0,37.0,53.0,0.698,8.0,16.0,0.5,17.0,27.0,0.63,4.0,28.0,17.0,2.0,0.0,6.0,14.0
fairleigh-dickinson,6,2022-11-20,N,VMI,W,93.0,89.0,31.0,66.0,0.47,10.0,31.0,0.323,21.0,25.0,0.84,11.0,31.0,11.0,4.0,3.0,6.0,12.0,33.0,71.0,0.465,13.0,30.0,0.433,10.0,12.0,0.833,17.0,43.0,17.0,2.0,1.0,14.0,18.0
fairleigh-dickinson,7,2022-11-22,@,Pitt,L,61.0,83.0,23.0,63.0,0.365,8.0,26.0,0.308,7.0,10.0,0.7,12.0,29.0,9.0,5.0,2.0,15.0,18.0,31.0,58.0,0.534,8.0,25.0,0.32,13.0,17.0,0.765,10.0,38.0,17.0,7.0,3.0,14.0,11.0
fairleigh-dickinson,8,2022-11-27,@,St. Peter's,L,63.0,77.0,23.0,58.0,0.397,4.0,19.0,0.211,13.0,20.0,0.65,10.0,21.0,7.0,8.0,1.0,9.0,17.0,28.0,50.0,0.56,10.0,20.0,0.5,11.0,14.0,0.786,8.0,33.0,17.0,5.0,5.0,16.0,18.0
fairleigh-dickinson,9,2022-11-30,@,Hartford,L,66.0,74.0,27.0,63.0,0.429,8.0,28.0,0.286,4.0,7.0,0.571,6.0,21.0,19.0,10.0,1.0,10.0,20.0,22.0,44.0,0.5,9.0,20.0,0.45,21.0,26.0,0.808,9.0,36.0,14.0,7.0,2.0,21.0,9.0
fairleigh-dickinson,10,2022-12-03,@,St. Joseph's,W,97.0,80.0,34.0,59.0,0.576,12.0,24.0,0.5,17.0,21.0,0.81,5.0,26.0,19.0,9.0,2.0,11.0,21.0,25.0,55.0,0.455,12.0,29.0,0.414,18.0,22.0,0.818,8.0,23.0,16.0,5.0,3.0,17.0,18.0
fairleigh-dickinson,11,2022-12-09,@,Columbia,W (1 OT),76.0,73.0,27.0,63.0,0.429,4.0,24.0,0.167,18.0,23.0,0.783,10.0,35.0,16.0,11.0,1.0,15.0,19.0,26.0,64.0,0.406,5.0,26.0,0.192,16.0,20.0,0.8,7.0,30.0,12.0,6.0,2.0,15.0,15.0
fairleigh-dickinson,12,2022-12-11,H,NJIT,W,73.0,71.0,23.0,56.0,0.411,6.0,20.0,0.3,21.0,30.0,0.7,13.0,40.0,11.0,7.0,2.0,15.0,18.0,25.0,54.0,0.463,7.0,21.0,0.333,14.0,19.0,0.737,6.0,28.0,14.0,6.0,4.0,12.0,21.0
fairleigh-dickinson,13,2022-12-13,@,Richmond,L,48.0,77.0,19.0,61.0,0.311,7.0,27.0,0.259,3.0,4.0,0.75,7.0,27.0,12.0,10.0,0.0,10.0,13.0,29.0,55.0,0.527,13.0,31.0,0.419,6.0,7.0,0.857,5.0,39.0,19.0,5.0,4.0,14.0,6.0
fairleigh-dickinson,14,2022-12-22,H,Queens (NC),L,73.0,82.0,30.0,66.0,0.455,8.0,25.0,0.32,5.0,7.0,0.714,9.0,34.0,12.0,6.0,0.0,10.0,16.0,29.0,56.0,0.518,12.0,32.0,0.375,12.0,15.0,0.8,3.0,27.0,17.0,5.0,7.0,12.0,13.0
fairleigh-dickinson,15,2022-12-29,H,Merrimack,W,71.0,63.0,24.0,54.0,0.444,5.0,15.0,0.333,18.0,25.0,0.72,12.0,40.0,13.0,6.0,4.0,16.0,18.0,22.0,54.0,0.407,6.0,27.0,0.222,13.0,18.0,0.722,6.0,25.0,11.0,10.0,5.0,13.0,18.0
fairleigh-dickinson,16,2022-12-31,H,Centenary (NJ),W,99.0,50.0,40.0,86.0,0.465,14.0,43.0,0.326,5.0,9.0,0.556,22.0,48.0,24.0,22.0,5.0,9.0,19.0,19.0,52.0,0.365,2.0,16.0,0.125,10.0,17.0,0.588,9.0,31.0,7.0,3.0,3.0,26.0,9.0
fairleigh-dickinson,17,2023-01-05,@,St. Francis (NY),W,76.0,57.0,32.0,64.0,0.5,7.0,15.0,0.467,5.0,7.0,0.714,7.0,30.0,15.0,7.0,0.0,8.0,15.0,21.0,51.0,0.412,8.0,20.0,0.4,7.0,11.0,0.636,8.0,28.0,13.0,4.0,5.0,17.0,9.0
fairleigh-dickinson,18,2023-01-07,H,LIU,W,101.0,89.0,34.0,67.0,0.507,14.0,28.0,0.5,19.0,22.0,0.864,8.0,26.0,23.0,9.0,2.0,12.0,19.0,33.0,66.0,0.5,11.0,22.0,0.5,12.0,16.0,0.75,10.0,35.0,22.0,7.0,5.0,17.0,19.0
fairleigh-dickinson,19,2023-01-14,@,Central Connecticut,W,88.0,80.0,28.0,52.0,0.538,11.0,23.0,0.478,21.0,23.0,0.913,6.0,25.0,14.0,3.0,3.0,7.0,16.0,28.0,59.0,0.475,13.0,29.0,0.448,11.0,14.0,0.786,7.0,24.0,17.0,4.0,3.0,9.0,19.0
fairleigh-dickinson,20,2023-01-16,@,Stonehill,W,65.0,57.0,21.0,52.0,0.404,8.0,28.0,0.286,15.0,20.0,0.75,9.0,32.0,11.0,6.0,1.0,11.0,20.0,19.0,46.0,0.413,10.0,24.0,0.417,9.0,14.0,0.643,3.0,26.0,11.0,5.0,0.0,13.0,17.0
fairleigh-dickinson,21,2023-01-20,H,Sacred Heart,L,85.0,92.0,29.0,67.0,0.433,11.0,24.0,0.458,16.0,18.0,0.889,10.0,29.0,10.0,9.0,1.0,11.0,17.0,37.0,65.0,0.569,8.0,20.0,0.4,10.0,16.0,0.625,10.0,33.0,17.0,11.0,5.0,13.0,14.0
fairleigh-dickinson,22,2023-01-22,H,Stonehill,L,59.0,70.0,24.0,74.0,0.324,3.0,27.0,0.111,8.0,10.0,0.8,14.0,35.0,12.0,10.0,1.0,7.0,21.0,21.0,42.0,0.5,10.0,23.0,0.435,18.0,23.0,0.783,3.0,33.0,12.0,5.0,2.0,17.0,14.0
fairleigh-dickinson,23,2023-01-26,H,Saint Francis (PA),W,87.0,82.0,32.0,67.0,0.478,9.0,25.0,0.36,14.0,18.0,0.778,13.0,30.0,13.0,9.0,1.0,9.0,18.0,31.0,59.0,0.525,7.0,26.0,0.269,13.0,18.0,0.722,10.0,32.0,17.0,5.0,5.0,17.0,18.0
fairleigh-dickinson,24,2023-01-28,@,Merrimack,W,78.0,71.0,29.0,54.0,0.537,10.0,22.0,0.455,10.0,18.0,0.556,10.0,25.0,22.0,9.0,3.0,20.0,21.0,22.0,41.0,0.537,7.0,17.0,0.412,20.0,25.0,0.8,3.0,19.0,12.0,13.0,4.0,21.0,20.0
fairleigh-dickinson,25,2023-02-04,H,Wagner,L,79.0,83.0,26.0,50.0,0.52,15.0,31.0,0.484,12.0,14.0,0.857,1.0,16.0,22.0,9.0,1.0,8.0,18.0,30.0,53.0,0.566,9.0,18.0,0.5,14.0,17.0,0.824,6.0,28.0,22.0,1.0,0.0,11.0,17.0
florida-am,1,2022-11-07,@,Oregon,L,45.0,80.0,18.0,48.0,0.375,3.0,18.0,0.167,6.0,8.0,0.75,4.0,23.0,5.0,5.0,0.0,18.0,22.0,29.0,63.0,0.46,6.0,25.0,0.24,16.0,28.0,0.571,17.0,41.0,15.0,13.0,5.0,10.0,12.0
florida-am,2,2022-11-09,@,Portland,L,54.0,91.0,17.0,55.0,0.309,5.0,20.0,0.25,15.0,22.0,0.682,7.0,24.0,5.0,8.0,2.0,18.0,30.0,29.0,52.0,0.558,11.0,27.0,0.407,22.0,32.0,0.688,9.0,37.0,17.0,2.0,2.0,18.0,21.0
florida-am,3,2022-11-11,@,Oregon State,L,43.0,60.0,15.0,48.0,0.313,3.0,13.0,0.231,10.0,16.0,0.625,7.0,32.0,8.0,3.0,4.0,15.0,17.0,22.0,54.0,0.407,4.0,18.0,0.222,12.0,17.0,0.706,6.0,33.0,10.0,10.0,4.0,8.0,19.0
florida-am,4,2022-11-15,@,Miami (FL),L,61.0,87.0,26.0,53.0,0.491,4.0,10.0,0.4,5.0,9.0,0.556,8.0,29.0,15.0,6.0,3.0,22.0,13.0,35.0,66.0,0.53,7.0,23.0,0.304,10.0,14.0,0.714,9.0,29.0,22.0,15.0,5.0,10.0,13.0
florida-am,5,2022-11-21,H,Albany State (GA),W (1 OT),70.0,65.0,25.0,71.0,0.352,3.0,15.0,0.2,17.0,27.0,0.63,15.0,40.0,11.0,11.0,5.0,18.0,20.0,18.0,54.0,0.333,10.0,23.0,0.435,19.0,27.0,0.704,9.0,33.0,9.0,11.0,8.0,23.0,22.0
florida-am,6,2022-11-30,@,Florida,L,62.0,102.0,20.0,58.0,0.345,8.0,18.0,0.444,14.0,16.0,0.875,9.0,24.0,9.0,7.0,1.0,16.0,11.0,41.0,66.0,0.621,13.0,22.0,0.591,7.0,11.0,0.636,9.0,34.0,18.0,11.0,7.0,11.0,11.0
florida-am,7,2022-12-02,@,Georgia,L,46.0,68.0,18.0,50.0,0.36,4.0,13.0,0.308,6.0,11.0,0.545,6.0,24.0,8.0,6.0,5.0,18.0,13.0,26.0,54.0,0.481,7.0,18.0,0.389,9.0,16.0,0.563,12.0,38.0,16.0,13.0,6.0,11.0,10.0
florida-am,8,2022-12-13,H,Edward Waters,W,58.0,47.0,19.0,62.0,0.306,4.0,20.0,0.2,16.0,29.0,0.552,17.0,48.0,8.0,13.0,8.0,12.0,14.0,17.0,64.0,0.266,3.0,15.0,0.2,10.0,14.0,0.714,14.0,43.0,6.0,8.0,5.0,15.0,23.0
florida-am,9,2022-12-17,@,Louisville,L,55.0,61.0,22.0,64.0,0.344,6.0,22.0,0.273,5.0,10.0,0.5,11.0,28.0,6.0,11.0,3.0,13.0,22.0,19.0,45.0,0.422,3.0,14.0,0.214,20.0,27.0,0.741,12.0,44.0,9.0,7.0,8.0,21.0,15.0
florida-am,10,2022-12-21,@,Kentucky,L,68.0,88.0,26.0,50.0,0.52,9.0,16.0,0.563,7.0,8.0,0.875,5.0,17.0,12.0,1.0,1.0,11.0,17.0,31.0,59.0,0.525,13.0,23.0,0.565,13.0,19.0,0.684,15.0,33.0,19.0,7.0,1.0,8.0,12.0
florida-am,11,2022-12-29,@,Purdue,L,49.0,82.0,17.0,54.0,0.315,4.0,17.0,0.235,11.0,12.0,0.917,4.0,19.0,9.0,6.0,3.0,11.0,21.0,29.0,59.0,0.492,6.0,25.0,0.24,18.0,27.0,0.667,14.0,41.0,17.0,6.0,9.0,7.0,13.0
florida-am,12,2023-01-02,H,Bethune-Cookman,L,59.0,67.0,18.0,47.0,0.383,3.0,12.0,0.25,20.0,26.0,0.769,10.0,37.0,7.0,2.0,5.0,12.0,23.0,20.0,52.0,0.385,7.0,17.0,0.412,20.0,32.0,0.625,10.0,28.0,10.0,9.0,2.0,6.0,19.0
florida-am,13,2023-01-07,@,Southern,L,66.0,84.0,25.0,54.0,0.463,11.0,23.0,0.478,5.0,7.0,0.714,5.0,21.0,13.0,7.0,1.0,18.0,18.0,29.0,51.0,0.569,10.0,21.0,0.476,16.0,20.0,0.8,8.0,30.0,22.0,9.0,1.0,14.0,13.0
florida-am,14,2023-01-09,@,Grambling,L,57.0,62.0,20.0,55.0,0.364,7.0,20.0,0.35,10.0,15.0,0.667,10.0,38.0,11.0,6.0,4.0,10.0,22.0,20.0,52.0,0.385,4.0,15.0,0.267,18.0,31.0,0.581,10.0,33.0,10.0,4.0,5.0,9.0,16.0
florida-am,15,2023-01-14,H,Arkansas-Pine Bluff,L,54.0,67.0,19.0,45.0,0.422,4.0,18.0,0.222,12.0,21.0,0.571,5.0,23.0,11.0,8.0,4.0,17.0,19.0,20.0,49.0,0.408,4.0,19.0,0.211,23.0,30.0,0.767,10.0,33.0,10.0,10.0,1.0,12.0,18.0
florida-am,16,2023-01-16,H,Mississippi Valley State,W,60.0,59.0,20.0,43.0,0.465,11.0,24.0,0.458,9.0,15.0,0.6,8.0,26.0,13.0,10.0,6.0,24.0,22.0,17.0,46.0,0.37,4.0,14.0,0.286,21.0,32.0,0.656,11.0,27.0,5.0,14.0,4.0,16.0,16.0
florida-am,17,2023-01-21,@,Alcorn State,L,47.0,57.0,18.0,51.0,0.353,2.0,16.0,0.125,9.0,15.0,0.6,11.0,29.0,8.0,2.0,0.0,15.0,16.0,20.0,47.0,0.426,5.0,16.0,0.313,12.0,18.0,0.667,7.0,31.0,10.0,4.0,2.0,13.0,14.0
florida-am,18,2023-01-23,@,Jackson State,L,58.0,59.0,21.0,46.0,0.457,6.0,18.0,0.333,10.0,17.0,0.588,4.0,28.0,10.0,6.0,3.0,16.0,25.0,16.0,44.0,0.364,3.0,19.0,0.158,24.0,38.0,0.632,9.0,25.0,6.0,6.0,5.0,10.0,17.0
florida-am,19,2023-01-28,H,Alabama A&M,L,56.0,61.0,18.0,54.0,0.333,8.0,22.0,0.364,12.0,15.0,0.8,11.0,32.0,14.0,4.0,1.0,13.0,20.0,22.0,49.0,0.449,2.0,12.0,0.167,15.0,25.0,0.6,6.0,29.0,9.0,7.0,3.0,9.0,15.0
florida-am,20,2023-01-30,H,Alabama State,W,69.0,58.0,23.0,53.0,0.434,7.0,18.0,0.389,16.0,24.0,0.667,10.0,33.0,10.0,7.0,5.0,13.0,15.0,21.0,60.0,0.35,4.0,19.0,0.211,12.0,18.0,0.667,11.0,29.0,7.0,7.0,1.0,12.0,23.0
florida-am,21,2023-02-04,@,Texas Southern,W,76.0,69.0,27.0,55.0,0.491,9.0,23.0,0.391,13.0,17.0,0.765,6.0,32.0,8.0,6.0,5.0,12.0,19.0,24.0,54.0,0.444,4.0,12.0,0.333,17.0,24.0,0.708,7.0,27.0,10.0,3.0,3.0,11.0,17.0
florida-atlantic,1,2022-11-07,H,Lynn,W,81.0,46.0,32.0,63.0,0.508,10.0,30.0,0.333,7.0,12.0,0.583,14.0,49.0,21.0,14.0,1.0,16.0,18.0,15.0,52.0,0.288,3.0,20.0,0.15,13.0,21.0,0.619,8.0,25.0,3.0,10.0,1.0,16.0,15.0
florida-atlantic,2,2022-11-11,@,Ole Miss,L,67.0,80.0,26.0,62.0,0.419,8.0,21.0,0.381,7.0,12.0,0.583,11.0,27.0,16.0,4.0,2.0,11.0,15.0,30.0,59.0,0.508,6.0,15.0,0.4,14.0,21.0,0.667,13.0,38.0,15.0,8.0,3.0,10.0,15.0
florida-atlantic,3,2022-11-14,@,Florida,W,76.0,74.0,29.0,69.0,0.42,13.0,24.0,0.542,5.0,7.0,0.714,4.0,30.0,17.0,7.0,3.0,8.0,16.0,26.0,68.0,0.382,8.0,17.0,0.471,14.0,17.0,0.824,12.0,43.0,14.0,3.0,8.0,12.0,16.0
florida-atlantic,4,2022-11-17,H,Bryant,W,85.0,74.0,26.0,62.0,0.419,9.0,30.0,0.3,24.0,34.0,0.706,8.0,38.0,14.0,9.0,4.0,14.0,18.0,26.0,70.0,0.371,8.0,23.0,0.348,14.0,20.0,0.7,14.0,48.0,12.0,5.0,1.0,20.0,25.0
florida-atlantic,5,2022-11-19,H,Detroit,W,76.0,55.0,31.0,64.0,0.484,8.0,29.0,0.276,6.0,10.0,0.6,13.0,40.0,18.0,9.0,3.0,11.0,20.0,18.0,55.0,0.327,3.0,16.0,0.188,16.0,22.0,0.727,8.0,27.0,5.0,6.0,0.0,12.0,12.0
florida-atlantic,6,2022-11-26,@,Albany (NY),W,73.0,56.0,29.0,59.0,0.492,8.0,24.0,0.333,7.0,11.0,0.636,7.0,36.0,10.0,6.0,3.0,11.0,14.0,20.0,58.0,0.345,5.0,16.0,0.313,11.0,15.0,0.733,7.0,28.0,6.0,6.0,2.0,9.0,15.0
florida-atlantic,7,2022-11-30,H,South Alabama,W,84.0,59.0,34.0,56.0,0.607,10.0,16.0,0.625,6.0,10.0,0.6,8.0,37.0,17.0,7.0,2.0,15.0,8.0,25.0,57.0,0.439,6.0,20.0,0.3,3.0,6.0,0.5,3.0,19.0,9.0,12.0,2.0,14.0,9.0
florida-atlantic,8,2022-12-04,@,Eastern Michigan,W,101.0,73.0,39.0,65.0,0.6,12.0,24.0,0.5,11.0,20.0,0.55,11.0,40.0,16.0,5.0,0.0,10.0,22.0,26.0,62.0,0.419,3.0,20.0,0.15,18.0,25.0,0.72,8.0,26.0,4.0,4.0,1.0,7.0,18.0
florida-atlantic,9,2022-12-07,H,Florida Gulf Coast,W,85.0,53.0,33.0,62.0,0.532,14.0,30.0,0.467,5.0,9.0,0.556,13.0,38.0,19.0,6.0,5.0,7.0,16.0,18.0,45.0,0.4,7.0,22.0,0.318,10.0,15.0,0.667,5.0,24.0,7.0,3.0,2.0,15.0,15.0
florida-atlantic,10,2022-12-14,H,St. Thomas (FL),W,97.0,74.0,35.0,64.0,0.547,11.0,28.0,0.393,16.0,21.0,0.762,7.0,37.0,21.0,9.0,2.0,14.0,13.0,28.0,62.0,0.452,10.0,24.0,0.417,8.0,9.0,0.889,3.0,26.0,9.0,3.0,1.0,14.0,17.0
florida-atlantic,11,2022-12-17,H,Florida International,W,79.0,53.0,29.0,65.0,0.446,7.0,29.0,0.241,14.0,16.0,0.875,14.0,37.0,17.0,10.0,2.0,17.0,15.0,21.0,50.0,0.42,1.0,9.0,0.111,10.0,14.0,0.714,3.0,24.0,4.0,11.0,2.0,23.0,14.0
florida-atlantic,12,2022-12-21,H,Northern Kentucky,W,67.0,52.0,23.0,51.0,0.451,11.0,25.0,0.44,10.0,16.0,0.625,6.0,34.0,17.0,6.0,2.0,13.0,12.0,21.0,58.0,0.362,5.0,19.0,0.263,5.0,9.0,0.556,6.0,27.0,10.0,9.0,1.0,11.0,15.0
florida-atlantic,13,2022-12-29,@,North Texas,W,50.0,46.0,16.0,52.0,0.308,3.0,23.0,0.13,15.0,20.0,0.75,11.0,39.0,7.0,3.0,1.0,9.0,14.0,18.0,53.0,0.34,3.0,22.0,0.136,7.0,9.0,0.778,6.0,31.0,2.0,4.0,3.0,8.0,22.0
florida-atlantic,14,2023-01-05,H,UAB,W,88.0,86.0,30.0,61.0,0.492,10.0,28.0,0.357,18.0,21.0,0.857,11.0,37.0,15.0,6.0,4.0,10.0,18.0,32.0,66.0,0.485,10.0,20.0,0.5,12.0,18.0,0.667,10.0,29.0,11.0,5.0,1.0,9.0,19.0
florida-atlantic,15,2023-01-07,H,Charlotte,W,71.0,67.0,26.0,56.0,0.464,13.0,29.0,0.448,6.0,10.0,0.6,6.0,27.0,14.0,4.0,2.0,2.0,12.0,26.0,56.0,0.464,11.0,22.0,0.5,4.0,5.0,0.8,5.0,30.0,13.0,1.0,1.0,7.0,11.0
florida-atlantic,16,2023-01-11,@,Florida International,W (1 OT),77.0,73.0,25.0,63.0,0.397,13.0,33.0,0.394,14.0,20.0,0.7,11.0,38.0,18.0,9.0,5.0,13.0,19.0,25.0,60.0,0.417,7.0,17.0,0.412,16.0,21.0,0.762,5.0,30.0,10.0,5.0,7.0,11.0,20.0
florida-atlantic,17,2023-01-14,H,North Texas,W,66.0,62.0,22.0,46.0,0.478,7.0,19.0,0.368,15.0,19.0,0.789,11.0,26.0,8.0,7.0,0.0,11.0,12.0,23.0,45.0,0.511,12.0,21.0,0.571,4.0,8.0,0.5,7.0,21.0,10.0,9.0,1.0,12.0,15.0
florida-atlantic,18,2023-01-16,@,Western Kentucky,W,76.0,62.0,23.0,53.0,0.434,11.0,28.0,0.393,19.0,26.0,0.731,10.0,38.0,13.0,9.0,0.0,18.0,15.0,22.0,54.0,0.407,9.0,22.0,0.409,9.0,13.0,0.692,4.0,24.0,12.0,5.0,4.0,13.0,16.0
florida-atlantic,19,2023-01-19,@,UTSA,W,83.0,64.0,28.0,67.0,0.418,10.0,31.0,0.323,17.0,24.0,0.708,15.0,45.0,16.0,7.0,4.0,8.0,21.0,21.0,58.0,0.362,5.0,18.0,0.278,17.0,22.0,0.773,7.0,33.0,7.0,2.0,1.0,9.0,18.0
florida-atlantic,20,2023-01-21,@,UTEP,W,67.0,59.0,20.0,47.0,0.426,6.0,16.0,0.375,21.0,31.0,0.677,8.0,35.0,10.0,3.0,5.0,20.0,21.0,20.0,65.0,0.308,3.0,16.0,0.188,16.0,21.0,0.762,13.0,40.0,3.0,10.0,2.0,15.0,24.0
florida-atlantic,21,2023-01-26,H,Middle Tennessee,W,85.0,67.0,31.0,58.0,0.534,8.0,23.0,0.348,15.0,20.0,0.75,7.0,34.0,13.0,12.0,5.0,6.0,9.0,27.0,62.0,0.435,11.0,26.0,0.423,2.0,4.0,0.5,10.0,32.0,10.0,1.0,2.0,15.0,17.0
florida-atlantic,22,2023-01-28,H,Western Kentucky,W,70.0,63.0,23.0,62.0,0.371,13.0,38.0,0.342,11.0,17.0,0.647,12.0,42.0,16.0,5.0,2.0,14.0,20.0,23.0,63.0,0.365,2.0,13.0,0.154,15.0,20.0,0.75,10.0,37.0,3.0,6.0,1.0,11.0,18.0
florida-atlantic,23,2023-02-02,@,UAB,L,77.0,86.0,28.0,75.0,0.373,8.0,36.0,0.222,13.0,15.0,0.867,11.0,32.0,13.0,5.0,0.0,6.0,21.0,27.0,60.0,0.45,6.0,20.0,0.3,26.0,31.0,0.839,11.0,41.0,13.0,4.0,6.0,12.0,18.0
florida-atlantic,24,2023-02-04,@,Charlotte,W,67.0,52.0,26.0,47.0,0.553,9.0,20.0,0.45,6.0,8.0,0.75,4.0,29.0,13.0,0.0,0.0,10.0,14.0,18.0,46.0,0.391,7.0,22.0,0.318,9.0,9.0,1.0,3.0,20.0,7.0,5.0,1.0,7.0,15.0
florida,1,2022-11-07,H,Stony Brook,W,81.0,45.0,29.0,61.0,0.475,10.0,25.0,0.4,13.0,18.0,0.722,9.0,40.0,12.0,8.0,4.0,10.0,12.0,16.0,52.0,0.308,6.0,28.0,0.214,7.0,13.0,0.538,5.0,25.0,9.0,6.0,2.0,18.0,14.0
florida,2,2022-11-11,H,Kennesaw State,W,88.0,78.0,30.0,55.0,0.545,4.0,11.0,0.364,24.0,33.0,0.727,6.0,34.0,13.0,4.0,10.0,10.0,17.0,30.0,70.0,0.429,6.0,17.0,0.353,12.0,18.0,0.667,9.0,31.0,11.0,8.0,2.0,7.0,20.0
florida,3,2022-11-14,H,Florida Atlantic,L,74.0,76.0,26.0,68.0,0.382,8.0,17.0,0.471,14.0,17.0,0.824,12.0,43.0,14.0,3.0,8.0,12.0,16.0,29.0,69.0,0.42,13.0,24.0,0.542,5.0,7.0,0.714,4.0,30.0,17.0,7.0,3.0,8.0,16.0
florida,4,2022-11-18,@,Florida State,W,76.0,67.0,24.0,60.0,0.4,3.0,17.0,0.176,25.0,31.0,0.806,12.0,40.0,11.0,5.0,5.0,13.0,16.0,25.0,61.0,0.41,3.0,16.0,0.188,14.0,15.0,0.933,6.0,28.0,5.0,6.0,6.0,16.0,23.0
florida,5,2022-11-24,N,Xavier,L,83.0,90.0,35.0,79.0,0.443,9.0,27.0,0.333,4.0,8.0,0.5,13.0,35.0,19.0,9.0,5.0,11.0,20.0,33.0,59.0,0.559,10.0,20.0,0.5,14.0,20.0,0.7,6.0,37.0,19.0,6.0,4.0,15.0,11.0
florida,6,2022-11-25,N,Oregon State,W,81.0,68.0,30.0,53.0,0.566,8.0,19.0,0.421,13.0,15.0,0.867,3.0,27.0,15.0,4.0,4.0,8.0,17.0,26.0,56.0,0.464,8.0,21.0,0.381,8.0,16.0,0.5,6.0,26.0,17.0,4.0,5.0,9.0,15.0
florida,7,2022-11-27,N,West Virginia,L,55.0,84.0,20.0,58.0,0.345,2.0,17.0,0.118,13.0,22.0,0.591,4.0,22.0,7.0,6.0,9.0,13.0,25.0,29.0,67.0,0.433,7.0,17.0,0.412,19.0,26.0,0.731,12.0,45.0,11.0,7.0,5.0,13.0,19.0
florida,8,2022-11-30,H,Florida A&M,W,102.0,62.0,41.0,66.0,0.621,13.0,22.0,0.591,7.0,11.0,0.636,9.0,34.0,18.0,11.0,7.0,11.0,11.0,20.0,58.0,0.345,8.0,18.0,0.444,14.0,16.0,0.875,9.0,24.0,9.0,7.0,1.0,16.0,11.0
florida,9,2022-12-04,H,Stetson,W,89.0,51.0,28.0,53.0,0.528,11.0,22.0,0.5,22.0,26.0,0.846,9.0,35.0,14.0,5.0,3.0,10.0,19.0,18.0,54.0,0.333,4.0,17.0,0.235,11.0,16.0,0.688,9.0,24.0,6.0,5.0,3.0,15.0,20.0
florida,10,2022-12-07,H,UConn,L,54.0,75.0,16.0,53.0,0.302,4.0,15.0,0.267,18.0,28.0,0.643,6.0,25.0,6.0,8.0,6.0,12.0,14.0,30.0,58.0,0.517,7.0,19.0,0.368,8.0,9.0,0.889,8.0,39.0,16.0,9.0,7.0,15.0,19.0
florida,11,2022-12-14,N,Ohio,W,82.0,48.0,28.0,54.0,0.519,10.0,22.0,0.455,16.0,21.0,0.762,4.0,38.0,14.0,6.0,4.0,14.0,19.0,16.0,51.0,0.314,3.0,14.0,0.214,13.0,23.0,0.565,4.0,23.0,7.0,10.0,1.0,12.0,21.0
florida,12,2022-12-20,N,Oklahoma,L,53.0,62.0,20.0,61.0,0.328,2.0,22.0,0.091,11.0,14.0,0.786,6.0,35.0,6.0,7.0,6.0,10.0,16.0,21.0,53.0,0.396,7.0,18.0,0.389,13.0,18.0,0.722,7.0,41.0,11.0,7.0,3.0,11.0,11.0
florida,13,2022-12-28,@,Auburn,L,58.0,61.0,19.0,47.0,0.404,3.0,19.0,0.158,17.0,19.0,0.895,5.0,26.0,9.0,9.0,6.0,12.0,18.0,21.0,55.0,0.382,3.0,14.0,0.214,16.0,24.0,0.667,12.0,31.0,16.0,8.0,3.0,14.0,16.0
florida,14,2023-01-04,H,Texas A&M,L,63.0,66.0,20.0,44.0,0.455,7.0,19.0,0.368,16.0,22.0,0.727,6.0,33.0,10.0,4.0,4.0,17.0,24.0,23.0,61.0,0.377,2.0,16.0,0.125,18.0,28.0,0.643,11.0,32.0,9.0,10.0,1.0,10.0,19.0
florida,15,2023-01-07,H,Georgia,W,82.0,75.0,30.0,61.0,0.492,7.0,22.0,0.318,15.0,17.0,0.882,6.0,35.0,15.0,5.0,9.0,9.0,18.0,26.0,68.0,0.382,10.0,20.0,0.5,13.0,18.0,0.722,10.0,35.0,9.0,6.0,2.0,9.0,15.0
florida,16,2023-01-10,@,LSU,W,67.0,56.0,19.0,48.0,0.396,5.0,25.0,0.2,24.0,32.0,0.75,6.0,30.0,10.0,10.0,8.0,10.0,15.0,19.0,59.0,0.322,5.0,28.0,0.179,13.0,16.0,0.813,12.0,36.0,12.0,5.0,0.0,15.0,21.0
florida,17,2023-01-14,H,Missouri,W,73.0,64.0,24.0,51.0,0.471,10.0,23.0,0.435,15.0,21.0,0.714,8.0,30.0,15.0,10.0,3.0,18.0,12.0,25.0,60.0,0.417,3.0,18.0,0.167,11.0,15.0,0.733,8.0,29.0,9.0,12.0,2.0,14.0,20.0
florida,18,2023-01-18,@,Texas A&M,L,52.0,54.0,16.0,61.0,0.262,6.0,26.0,0.231,14.0,19.0,0.737,16.0,38.0,8.0,6.0,7.0,9.0,14.0,22.0,62.0,0.355,3.0,16.0,0.188,7.0,7.0,1.0,13.0,41.0,12.0,1.0,3.0,10.0,19.0
florida,19,2023-01-21,@,Mississippi State,W,61.0,59.0,23.0,55.0,0.418,10.0,24.0,0.417,5.0,10.0,0.5,7.0,33.0,16.0,4.0,4.0,7.0,13.0,24.0,61.0,0.393,4.0,17.0,0.235,7.0,11.0,0.636,13.0,39.0,10.0,4.0,1.0,8.0,11.0
florida,20,2023-01-25,H,South Carolina,W,81.0,60.0,31.0,66.0,0.47,7.0,27.0,0.259,12.0,17.0,0.706,5.0,33.0,21.0,10.0,9.0,5.0,16.0,22.0,60.0,0.367,5.0,14.0,0.357,11.0,19.0,0.579,10.0,40.0,8.0,5.0,4.0,15.0,16.0
florida,21,2023-01-28,@,Kansas State,L,50.0,64.0,18.0,58.0,0.31,4.0,22.0,0.182,10.0,16.0,0.625,5.0,32.0,12.0,6.0,6.0,14.0,17.0,23.0,61.0,0.377,4.0,17.0,0.235,14.0,21.0,0.667,9.0,47.0,15.0,10.0,0.0,10.0,16.0
florida,22,2023-02-01,H,Tennessee,W,67.0,54.0,21.0,48.0,0.438,7.0,20.0,0.35,18.0,24.0,0.75,4.0,34.0,12.0,4.0,7.0,10.0,11.0,19.0,68.0,0.279,5.0,25.0,0.2,11.0,12.0,0.917,14.0,39.0,7.0,6.0,2.0,9.0,20.0
florida,23,2023-02-04,@,Kentucky,L,67.0,72.0,23.0,55.0,0.418,6.0,19.0,0.316,15.0,17.0,0.882,8.0,27.0,11.0,5.0,5.0,9.0,14.0,28.0,62.0,0.452,5.0,11.0,0.455,11.0,13.0,0.846,11.0,35.0,10.0,6.0,5.0,9.0,14.0
florida-gulf-coast,1,2022-11-07,@,USC,W,74.0,61.0,24.0,64.0,0.375,8.0,27.0,0.296,18.0,25.0,0.72,14.0,43.0,13.0,7.0,3.0,11.0,23.0,21.0,52.0,0.404,3.0,19.0,0.158,16.0,24.0,0.667,6.0,33.0,15.0,9.0,8.0,15.0,21.0
florida-gulf-coast,2,2022-11-09,@,San Diego,L,73.0,79.0,24.0,55.0,0.436,13.0,32.0,0.406,12.0,18.0,0.667,4.0,29.0,18.0,3.0,1.0,12.0,19.0,29.0,57.0,0.509,6.0,16.0,0.375,15.0,24.0,0.625,6.0,34.0,15.0,5.0,3.0,11.0,18.0
florida-gulf-coast,3,2022-11-13,H,Ave Maria,W,105.0,61.0,40.0,79.0,0.506,17.0,40.0,0.425,8.0,9.0,0.889,16.0,48.0,21.0,13.0,5.0,10.0,14.0,21.0,60.0,0.35,9.0,28.0,0.321,10.0,13.0,0.769,5.0,28.0,8.0,6.0,1.0,19.0,10.0
florida-gulf-coast,4,2022-11-16,@,Tennessee,L,50.0,81.0,14.0,46.0,0.304,5.0,24.0,0.208,17.0,22.0,0.773,6.0,23.0,8.0,5.0,3.0,17.0,26.0,24.0,49.0,0.49,8.0,19.0,0.421,25.0,37.0,0.676,11.0,39.0,16.0,9.0,2.0,11.0,23.0
florida-gulf-coast,5,2022-11-21,N,Northern Kentucky,W,82.0,61.0,24.0,58.0,0.414,12.0,28.0,0.429,22.0,23.0,0.957,14.0,35.0,15.0,9.0,3.0,14.0,16.0,23.0,54.0,0.426,5.0,14.0,0.357,10.0,18.0,0.556,10.0,26.0,13.0,11.0,1.0,14.0,20.0
florida-gulf-coast,6,2022-11-22,N,Drexel,W,67.0,59.0,28.0,61.0,0.459,5.0,16.0,0.313,6.0,9.0,0.667,10.0,34.0,6.0,5.0,2.0,12.0,13.0,21.0,60.0,0.35,8.0,27.0,0.296,9.0,18.0,0.5,10.0,33.0,7.0,8.0,3.0,9.0,10.0
florida-gulf-coast,7,2022-11-23,N,Kansas City,W,73.0,59.0,27.0,64.0,0.422,9.0,31.0,0.29,10.0,14.0,0.714,11.0,35.0,14.0,6.0,3.0,2.0,12.0,20.0,59.0,0.339,8.0,25.0,0.32,11.0,18.0,0.611,13.0,38.0,6.0,2.0,5.0,11.0,14.0
florida-gulf-coast,8,2022-11-30,@,Georgia Southern,W,70.0,53.0,25.0,52.0,0.481,10.0,27.0,0.37,10.0,13.0,0.769,6.0,34.0,10.0,8.0,1.0,10.0,14.0,21.0,50.0,0.42,6.0,19.0,0.316,5.0,13.0,0.385,6.0,25.0,9.0,6.0,1.0,11.0,14.0
florida-gulf-coast,9,2022-12-04,H,Florida International,W,74.0,65.0,25.0,56.0,0.446,10.0,27.0,0.37,14.0,18.0,0.778,9.0,36.0,15.0,8.0,6.0,14.0,13.0,26.0,63.0,0.413,4.0,22.0,0.182,9.0,15.0,0.6,11.0,33.0,9.0,8.0,3.0,12.0,17.0
florida-gulf-coast,10,2022-12-07,@,Florida Atlantic,L,53.0,85.0,18.0,45.0,0.4,7.0,22.0,0.318,10.0,15.0,0.667,5.0,24.0,7.0,3.0,2.0,15.0,15.0,33.0,62.0,0.532,14.0,30.0,0.467,5.0,9.0,0.556,13.0,38.0,19.0,6.0,5.0,7.0,16.0
florida-gulf-coast,11,2022-12-10,H,Mercer,W,67.0,62.0,21.0,52.0,0.404,5.0,17.0,0.294,20.0,28.0,0.714,6.0,31.0,9.0,11.0,7.0,9.0,20.0,21.0,52.0,0.404,4.0,16.0,0.25,16.0,20.0,0.8,7.0,33.0,10.0,4.0,2.0,14.0,20.0
florida-gulf-coast,12,2022-12-16,@,St. Bonaventure,W,71.0,58.0,26.0,54.0,0.481,8.0,25.0,0.32,11.0,17.0,0.647,12.0,35.0,13.0,7.0,3.0,14.0,15.0,19.0,56.0,0.339,8.0,23.0,0.348,12.0,17.0,0.706,9.0,26.0,11.0,8.0,4.0,10.0,16.0
florida-gulf-coast,13,2022-12-21,H,Canisius,W,84.0,81.0,30.0,58.0,0.517,9.0,21.0,0.429,15.0,19.0,0.789,9.0,29.0,14.0,3.0,9.0,12.0,13.0,28.0,64.0,0.438,13.0,30.0,0.433,12.0,14.0,0.857,11.0,29.0,15.0,3.0,2.0,9.0,17.0
florida-gulf-coast,14,2022-12-31,H,Jacksonville,W,72.0,65.0,24.0,54.0,0.444,11.0,29.0,0.379,13.0,16.0,0.813,10.0,32.0,16.0,4.0,5.0,8.0,12.0,24.0,55.0,0.436,10.0,26.0,0.385,7.0,9.0,0.778,5.0,26.0,17.0,7.0,2.0,10.0,13.0
florida-gulf-coast,15,2023-01-02,@,Central Arkansas,W (1 OT),84.0,79.0,29.0,68.0,0.426,12.0,33.0,0.364,14.0,23.0,0.609,9.0,42.0,22.0,12.0,2.0,16.0,18.0,29.0,69.0,0.42,9.0,28.0,0.321,12.0,21.0,0.571,8.0,38.0,16.0,7.0,7.0,16.0,21.0
florida-gulf-coast,16,2023-01-05,@,Austin Peay,L,59.0,61.0,21.0,48.0,0.438,6.0,15.0,0.4,11.0,15.0,0.733,9.0,34.0,10.0,9.0,2.0,16.0,19.0,21.0,50.0,0.42,6.0,21.0,0.286,13.0,20.0,0.65,7.0,27.0,12.0,11.0,3.0,12.0,12.0
florida-gulf-coast,17,2023-01-07,H,North Florida,W,82.0,57.0,35.0,69.0,0.507,10.0,25.0,0.4,2.0,7.0,0.286,14.0,46.0,20.0,7.0,6.0,14.0,11.0,21.0,61.0,0.344,7.0,29.0,0.241,8.0,9.0,0.889,5.0,25.0,8.0,4.0,3.0,12.0,9.0
florida-gulf-coast,18,2023-01-12,@,Eastern Kentucky,L,76.0,97.0,24.0,72.0,0.333,8.0,28.0,0.286,20.0,22.0,0.909,17.0,37.0,10.0,6.0,2.0,9.0,11.0,36.0,74.0,0.486,17.0,38.0,0.447,8.0,9.0,0.889,13.0,43.0,26.0,5.0,6.0,10.0,17.0
florida-gulf-coast,19,2023-01-14,@,Bellarmine,L,41.0,61.0,14.0,46.0,0.304,5.0,25.0,0.2,8.0,11.0,0.727,8.0,32.0,7.0,4.0,3.0,18.0,16.0,22.0,54.0,0.407,9.0,31.0,0.29,8.0,8.0,1.0,6.0,29.0,15.0,10.0,3.0,11.0,16.0
florida-gulf-coast,20,2023-01-19,H,Jacksonville State,W,55.0,51.0,19.0,47.0,0.404,7.0,26.0,0.269,10.0,16.0,0.625,4.0,26.0,10.0,8.0,5.0,13.0,16.0,19.0,54.0,0.352,2.0,17.0,0.118,11.0,16.0,0.688,9.0,31.0,8.0,8.0,3.0,15.0,18.0
florida-gulf-coast,21,2023-01-21,H,Kennesaw State,L,63.0,65.0,22.0,55.0,0.4,10.0,30.0,0.333,9.0,12.0,0.75,8.0,25.0,11.0,7.0,1.0,7.0,13.0,26.0,53.0,0.491,4.0,16.0,0.25,9.0,11.0,0.818,7.0,31.0,10.0,4.0,2.0,11.0,16.0
florida-gulf-coast,22,2023-01-26,@,Queens (NC),L,82.0,84.0,30.0,61.0,0.492,13.0,31.0,0.419,9.0,12.0,0.75,7.0,29.0,13.0,8.0,1.0,11.0,18.0,26.0,59.0,0.441,12.0,30.0,0.4,20.0,26.0,0.769,12.0,33.0,16.0,7.0,3.0,11.0,17.0
florida-gulf-coast,23,2023-01-28,@,Liberty,L,57.0,74.0,21.0,49.0,0.429,8.0,21.0,0.381,7.0,8.0,0.875,2.0,19.0,11.0,5.0,4.0,9.0,12.0,32.0,62.0,0.516,9.0,25.0,0.36,1.0,2.0,0.5,8.0,33.0,12.0,5.0,1.0,10.0,11.0
florida-gulf-coast,24,2023-02-02,H,Central Arkansas,L,87.0,91.0,32.0,73.0,0.438,14.0,32.0,0.438,9.0,12.0,0.75,10.0,32.0,16.0,7.0,5.0,7.0,11.0,34.0,64.0,0.531,13.0,30.0,0.433,10.0,13.0,0.769,4.0,32.0,16.0,1.0,4.0,10.0,14.0
florida-gulf-coast,25,2023-02-04,H,North Alabama,L (1 OT),85.0,87.0,31.0,67.0,0.463,11.0,24.0,0.458,12.0,18.0,0.667,12.0,32.0,16.0,5.0,2.0,10.0,19.0,31.0,57.0,0.544,11.0,24.0,0.458,14.0,23.0,0.609,8.0,32.0,14.0,4.0,2.0,10.0,19.0
florida-international,1,2022-11-07,H,Houston Christian,W,77.0,66.0,33.0,66.0,0.5,3.0,16.0,0.188,8.0,12.0,0.667,10.0,32.0,12.0,12.0,8.0,13.0,8.0,25.0,64.0,0.391,12.0,23.0,0.522,4.0,5.0,0.8,14.0,36.0,13.0,5.0,1.0,22.0,11.0
florida-international,2,2022-11-10,H,Florida National University,W,95.0,74.0,36.0,68.0,0.529,10.0,26.0,0.385,13.0,22.0,0.591,9.0,40.0,22.0,9.0,3.0,12.0,15.0,27.0,66.0,0.409,11.0,29.0,0.379,9.0,14.0,0.643,11.0,35.0,11.0,8.0,5.0,16.0,19.0
florida-international,3,2022-11-15,@,NC State,L,74.0,107.0,31.0,58.0,0.534,5.0,18.0,0.278,7.0,15.0,0.467,4.0,26.0,14.0,9.0,4.0,22.0,16.0,39.0,76.0,0.513,15.0,33.0,0.455,14.0,17.0,0.824,11.0,37.0,21.0,17.0,4.0,13.0,16.0
florida-international,4,2022-11-19,H,Bryant,L,85.0,91.0,29.0,63.0,0.46,11.0,28.0,0.393,16.0,23.0,0.696,5.0,30.0,18.0,11.0,3.0,18.0,19.0,32.0,70.0,0.457,11.0,28.0,0.393,16.0,18.0,0.889,7.0,38.0,20.0,9.0,6.0,16.0,19.0
florida-international,5,2022-11-23,H,Stony Brook,W,83.0,50.0,31.0,64.0,0.484,14.0,38.0,0.368,7.0,7.0,1.0,4.0,35.0,23.0,13.0,3.0,9.0,19.0,15.0,50.0,0.3,8.0,27.0,0.296,12.0,19.0,0.632,7.0,34.0,10.0,3.0,1.0,18.0,8.0
florida-international,6,2022-11-27,H,Eastern Washington,W,90.0,79.0,32.0,58.0,0.552,6.0,19.0,0.316,20.0,22.0,0.909,4.0,27.0,13.0,10.0,5.0,19.0,19.0,29.0,64.0,0.453,11.0,27.0,0.407,10.0,18.0,0.556,12.0,30.0,17.0,9.0,2.0,17.0,20.0
florida-international,7,2022-11-30,H,Eastern Michigan,L,68.0,80.0,28.0,57.0,0.491,1.0,15.0,0.067,11.0,24.0,0.458,7.0,26.0,8.0,7.0,4.0,12.0,12.0,30.0,61.0,0.492,8.0,24.0,0.333,12.0,14.0,0.857,8.0,29.0,11.0,7.0,2.0,12.0,19.0
florida-international,8,2022-12-04,@,Florida Gulf Coast,L,65.0,74.0,26.0,63.0,0.413,4.0,22.0,0.182,9.0,15.0,0.6,11.0,33.0,9.0,8.0,3.0,12.0,17.0,25.0,56.0,0.446,10.0,27.0,0.37,14.0,18.0,0.778,9.0,36.0,15.0,8.0,6.0,14.0,13.0
florida-international,9,2022-12-13,@,Howard,L,59.0,71.0,23.0,65.0,0.354,7.0,25.0,0.28,6.0,10.0,0.6,11.0,33.0,11.0,9.0,3.0,18.0,16.0,26.0,58.0,0.448,8.0,20.0,0.4,11.0,15.0,0.733,10.0,39.0,13.0,10.0,6.0,18.0,10.0
florida-international,10,2022-12-17,@,Florida Atlantic,L,53.0,79.0,21.0,50.0,0.42,1.0,9.0,0.111,10.0,14.0,0.714,3.0,24.0,4.0,11.0,2.0,23.0,14.0,29.0,65.0,0.446,7.0,29.0,0.241,14.0,16.0,0.875,14.0,37.0,17.0,10.0,2.0,17.0,15.0
florida-international,11,2022-12-21,H,Incarnate Word,W,79.0,74.0,28.0,54.0,0.519,11.0,28.0,0.393,12.0,19.0,0.632,7.0,25.0,18.0,11.0,3.0,17.0,17.0,26.0,53.0,0.491,8.0,20.0,0.4,14.0,19.0,0.737,7.0,30.0,12.0,11.0,1.0,18.0,18.0
florida-international,12,2022-12-29,H,Florida College,W,69.0,64.0,26.0,54.0,0.481,5.0,23.0,0.217,12.0,20.0,0.6,6.0,32.0,14.0,8.0,5.0,15.0,18.0,21.0,58.0,0.362,8.0,27.0,0.296,14.0,21.0,0.667,10.0,35.0,10.0,11.0,0.0,17.0,14.0
florida-international,13,2022-12-31,@,North Texas,L,57.0,72.0,22.0,49.0,0.449,6.0,14.0,0.429,7.0,13.0,0.538,10.0,23.0,9.0,3.0,4.0,16.0,21.0,23.0,46.0,0.5,11.0,21.0,0.524,15.0,18.0,0.833,12.0,33.0,14.0,9.0,1.0,13.0,15.0
florida-international,14,2023-01-05,H,Charlotte,W,62.0,60.0,24.0,51.0,0.471,4.0,17.0,0.235,10.0,12.0,0.833,3.0,29.0,7.0,7.0,3.0,7.0,14.0,21.0,55.0,0.382,7.0,22.0,0.318,11.0,14.0,0.786,8.0,29.0,10.0,1.0,2.0,10.0,13.0
florida-international,15,2023-01-07,H,UAB,W (1 OT),90.0,87.0,31.0,65.0,0.477,10.0,27.0,0.37,18.0,23.0,0.783,11.0,31.0,18.0,13.0,4.0,20.0,13.0,35.0,70.0,0.5,4.0,16.0,0.25,13.0,16.0,0.813,10.0,36.0,21.0,12.0,4.0,19.0,20.0
florida-international,16,2023-01-11,H,Florida Atlantic,L (1 OT),73.0,77.0,25.0,60.0,0.417,7.0,17.0,0.412,16.0,21.0,0.762,5.0,30.0,10.0,5.0,7.0,11.0,20.0,25.0,63.0,0.397,13.0,33.0,0.394,14.0,20.0,0.7,11.0,38.0,18.0,9.0,5.0,13.0,19.0
florida-international,17,2023-01-14,@,Western Kentucky,L,59.0,70.0,22.0,62.0,0.355,6.0,23.0,0.261,9.0,13.0,0.692,8.0,27.0,11.0,13.0,6.0,13.0,17.0,23.0,49.0,0.469,9.0,20.0,0.45,15.0,19.0,0.789,9.0,38.0,16.0,4.0,9.0,19.0,14.0
florida-international,18,2023-01-16,H,North Texas,L,57.0,64.0,19.0,40.0,0.475,4.0,15.0,0.267,15.0,21.0,0.714,5.0,24.0,7.0,3.0,6.0,16.0,15.0,23.0,61.0,0.377,8.0,25.0,0.32,10.0,14.0,0.714,16.0,35.0,12.0,12.0,6.0,8.0,13.0
florida-international,19,2023-01-19,@,UTEP,L,61.0,81.0,21.0,47.0,0.447,8.0,23.0,0.348,11.0,14.0,0.786,4.0,19.0,7.0,5.0,5.0,16.0,17.0,32.0,56.0,0.571,6.0,17.0,0.353,11.0,17.0,0.647,11.0,33.0,16.0,7.0,0.0,14.0,14.0
florida-international,20,2023-01-21,@,UTSA,W,77.0,72.0,28.0,65.0,0.431,11.0,33.0,0.333,10.0,11.0,0.909,8.0,28.0,14.0,8.0,7.0,5.0,20.0,25.0,67.0,0.373,8.0,31.0,0.258,14.0,20.0,0.7,21.0,49.0,14.0,5.0,1.0,13.0,12.0
florida-international,21,2023-01-26,H,Western Kentucky,W,78.0,69.0,32.0,61.0,0.525,10.0,25.0,0.4,4.0,5.0,0.8,7.0,23.0,15.0,11.0,3.0,11.0,14.0,25.0,59.0,0.424,7.0,22.0,0.318,12.0,14.0,0.857,13.0,31.0,13.0,7.0,3.0,17.0,11.0
florida-international,22,2023-01-28,H,Middle Tennessee,W,82.0,74.0,28.0,57.0,0.491,12.0,23.0,0.522,14.0,17.0,0.824,11.0,34.0,13.0,10.0,2.0,18.0,18.0,26.0,54.0,0.481,8.0,24.0,0.333,14.0,21.0,0.667,8.0,27.0,11.0,13.0,2.0,16.0,20.0
florida-international,23,2023-02-02,@,Charlotte,W,57.0,54.0,23.0,47.0,0.489,4.0,15.0,0.267,7.0,10.0,0.7,6.0,29.0,10.0,6.0,0.0,11.0,17.0,17.0,49.0,0.347,4.0,23.0,0.174,16.0,20.0,0.8,10.0,28.0,7.0,7.0,1.0,9.0,12.0
florida-international,24,2023-02-04,@,UAB,L,72.0,76.0,28.0,64.0,0.438,6.0,22.0,0.273,10.0,17.0,0.588,6.0,26.0,14.0,14.0,3.0,13.0,17.0,29.0,60.0,0.483,6.0,16.0,0.375,12.0,16.0,0.75,11.0,42.0,19.0,6.0,4.0,22.0,19.0
florida-state,1,2022-11-07,H,Stetson,L,74.0,83.0,27.0,59.0,0.458,6.0,14.0,0.429,14.0,27.0,0.519,14.0,34.0,14.0,2.0,2.0,9.0,16.0,29.0,61.0,0.475,14.0,35.0,0.4,11.0,16.0,0.688,12.0,35.0,20.0,4.0,2.0,8.0,21.0
florida-state,2,2022-11-11,@,UCF,L,54.0,68.0,22.0,56.0,0.393,6.0,19.0,0.316,4.0,7.0,0.571,5.0,18.0,12.0,10.0,3.0,13.0,19.0,25.0,63.0,0.397,7.0,15.0,0.467,11.0,16.0,0.688,18.0,44.0,11.0,4.0,2.0,18.0,15.0
florida-state,3,2022-11-14,H,Troy,L,72.0,79.0,20.0,44.0,0.455,9.0,19.0,0.474,23.0,33.0,0.697,4.0,29.0,14.0,6.0,2.0,18.0,20.0,27.0,65.0,0.415,12.0,30.0,0.4,13.0,22.0,0.591,8.0,27.0,18.0,11.0,0.0,10.0,26.0
florida-state,4,2022-11-18,H,Florida,L,67.0,76.0,25.0,61.0,0.41,3.0,16.0,0.188,14.0,15.0,0.933,6.0,28.0,5.0,6.0,6.0,16.0,23.0,24.0,60.0,0.4,3.0,17.0,0.176,25.0,31.0,0.806,12.0,40.0,11.0,5.0,5.0,13.0,16.0
florida-state,5,2022-11-21,H,Mercer,W,81.0,72.0,28.0,60.0,0.467,7.0,15.0,0.467,18.0,25.0,0.72,12.0,38.0,17.0,3.0,11.0,7.0,13.0,26.0,66.0,0.394,10.0,25.0,0.4,10.0,15.0,0.667,9.0,29.0,19.0,2.0,1.0,7.0,19.0
florida-state,6,2022-11-24,N,Siena,L,63.0,80.0,20.0,55.0,0.364,4.0,15.0,0.267,19.0,25.0,0.76,8.0,25.0,13.0,11.0,3.0,17.0,19.0,27.0,52.0,0.519,9.0,22.0,0.409,17.0,20.0,0.85,6.0,31.0,19.0,6.0,5.0,17.0,17.0
florida-state,7,2022-11-25,N,Stanford,L,60.0,70.0,21.0,48.0,0.438,6.0,20.0,0.3,12.0,18.0,0.667,2.0,23.0,13.0,10.0,5.0,15.0,18.0,27.0,64.0,0.422,3.0,26.0,0.115,13.0,20.0,0.65,14.0,41.0,12.0,7.0,2.0,13.0,13.0
florida-state,8,2022-11-27,N,Nebraska,L,58.0,75.0,23.0,59.0,0.39,3.0,21.0,0.143,9.0,15.0,0.6,12.0,31.0,17.0,8.0,6.0,18.0,11.0,33.0,66.0,0.5,6.0,24.0,0.25,3.0,5.0,0.6,10.0,34.0,22.0,8.0,0.0,14.0,12.0
florida-state,9,2022-11-30,H,Purdue,L,69.0,79.0,25.0,66.0,0.379,7.0,22.0,0.318,12.0,14.0,0.857,6.0,27.0,10.0,7.0,5.0,8.0,24.0,26.0,56.0,0.464,5.0,18.0,0.278,22.0,31.0,0.71,9.0,41.0,14.0,1.0,1.0,11.0,15.0
florida-state,10,2022-12-03,@,Virginia,L,57.0,62.0,21.0,64.0,0.328,6.0,18.0,0.333,9.0,9.0,1.0,12.0,34.0,12.0,4.0,4.0,12.0,19.0,18.0,51.0,0.353,5.0,19.0,0.263,21.0,26.0,0.808,12.0,38.0,9.0,4.0,10.0,12.0,17.0
florida-state,11,2022-12-10,H,Louisville,W,75.0,53.0,28.0,62.0,0.452,7.0,19.0,0.368,12.0,16.0,0.75,8.0,37.0,13.0,5.0,7.0,9.0,13.0,20.0,57.0,0.351,9.0,23.0,0.391,4.0,9.0,0.444,8.0,30.0,14.0,2.0,3.0,16.0,17.0
florida-state,12,2022-12-13,H,USC Upstate,W,80.0,63.0,28.0,58.0,0.483,6.0,16.0,0.375,18.0,23.0,0.783,9.0,34.0,13.0,5.0,3.0,13.0,18.0,21.0,63.0,0.333,5.0,20.0,0.25,16.0,21.0,0.762,13.0,30.0,8.0,6.0,4.0,14.0,19.0
florida-state,13,2022-12-17,N,St. John's (NY),L,79.0,93.0,27.0,57.0,0.474,11.0,19.0,0.579,14.0,19.0,0.737,5.0,22.0,17.0,6.0,1.0,15.0,18.0,33.0,63.0,0.524,8.0,18.0,0.444,19.0,23.0,0.826,11.0,34.0,19.0,7.0,3.0,11.0,15.0
florida-state,14,2022-12-21,H,Notre Dame,W,73.0,72.0,27.0,57.0,0.474,7.0,22.0,0.318,12.0,14.0,0.857,6.0,27.0,15.0,5.0,1.0,5.0,9.0,28.0,55.0,0.509,9.0,19.0,0.474,7.0,9.0,0.778,4.0,27.0,12.0,2.0,2.0,7.0,9.0
florida-state,15,2022-12-31,@,Duke,L,67.0,86.0,21.0,49.0,0.429,4.0,15.0,0.267,21.0,26.0,0.808,4.0,23.0,11.0,7.0,2.0,10.0,19.0,29.0,57.0,0.509,11.0,25.0,0.44,17.0,20.0,0.85,9.0,27.0,18.0,2.0,4.0,9.0,21.0
florida-state,16,2023-01-07,H,Georgia Tech,W,75.0,64.0,30.0,61.0,0.492,10.0,25.0,0.4,5.0,8.0,0.625,7.0,32.0,23.0,5.0,0.0,9.0,11.0,23.0,57.0,0.404,9.0,24.0,0.375,9.0,12.0,0.75,9.0,31.0,15.0,6.0,1.0,13.0,12.0
florida-state,17,2023-01-11,@,Wake Forest,L,75.0,90.0,29.0,54.0,0.537,8.0,21.0,0.381,9.0,14.0,0.643,5.0,27.0,15.0,6.0,4.0,14.0,15.0,30.0,54.0,0.556,14.0,26.0,0.538,16.0,21.0,0.762,3.0,20.0,15.0,10.0,3.0,12.0,16.0
florida-state,18,2023-01-14,H,Virginia,L,58.0,67.0,21.0,53.0,0.396,5.0,19.0,0.263,11.0,14.0,0.786,7.0,30.0,12.0,1.0,6.0,9.0,8.0,27.0,60.0,0.45,11.0,22.0,0.5,2.0,3.0,0.667,6.0,30.0,14.0,4.0,3.0,5.0,13.0
florida-state,19,2023-01-17,@,Notre Dame,W,84.0,71.0,27.0,53.0,0.509,7.0,18.0,0.389,23.0,29.0,0.793,6.0,39.0,14.0,0.0,6.0,11.0,13.0,26.0,67.0,0.388,9.0,32.0,0.281,10.0,14.0,0.714,8.0,27.0,10.0,7.0,0.0,4.0,18.0
florida-state,20,2023-01-21,@,Pitt,W,71.0,64.0,25.0,49.0,0.51,10.0,20.0,0.5,11.0,15.0,0.733,3.0,25.0,13.0,5.0,4.0,12.0,12.0,23.0,54.0,0.426,7.0,28.0,0.25,11.0,12.0,0.917,6.0,28.0,11.0,4.0,5.0,11.0,14.0
florida-state,21,2023-01-24,H,Miami (FL),L,63.0,86.0,26.0,63.0,0.413,3.0,22.0,0.136,8.0,13.0,0.615,8.0,23.0,12.0,11.0,6.0,10.0,13.0,31.0,55.0,0.564,11.0,22.0,0.5,13.0,19.0,0.684,8.0,36.0,23.0,5.0,1.0,17.0,13.0
florida-state,22,2023-01-28,H,Clemson,L,81.0,82.0,27.0,62.0,0.435,13.0,30.0,0.433,14.0,20.0,0.7,7.0,26.0,16.0,7.0,1.0,13.0,27.0,25.0,53.0,0.472,10.0,32.0,0.313,22.0,29.0,0.759,8.0,36.0,12.0,5.0,6.0,18.0,21.0
florida-state,23,2023-02-01,@,NC State,L,66.0,94.0,26.0,54.0,0.481,3.0,10.0,0.3,11.0,18.0,0.611,6.0,24.0,14.0,4.0,4.0,13.0,20.0,32.0,67.0,0.478,12.0,20.0,0.6,18.0,23.0,0.783,14.0,38.0,10.0,8.0,2.0,7.0,14.0
florida-state,24,2023-02-04,@,Louisville,W,81.0,78.0,30.0,62.0,0.484,8.0,23.0,0.348,13.0,19.0,0.684,9.0,31.0,19.0,7.0,7.0,6.0,13.0,29.0,62.0,0.468,10.0,28.0,0.357,10.0,11.0,0.909,7.0,31.0,15.0,1.0,4.0,10.0,16.0
fordham,1,2022-11-07,H,Dartmouth,W,88.0,74.0,35.0,61.0,0.574,8.0,20.0,0.4,10.0,14.0,0.714,5.0,31.0,9.0,6.0,7.0,10.0,18.0,25.0,59.0,0.424,11.0,24.0,0.458,13.0,17.0,0.765,6.0,24.0,15.0,2.0,2.0,12.0,15.0
fordham,2,2022-11-11,@,Arkansas,L,48.0,74.0,17.0,45.0,0.378,4.0,17.0,0.235,10.0,17.0,0.588,8.0,26.0,7.0,4.0,0.0,27.0,17.0,30.0,65.0,0.462,2.0,16.0,0.125,12.0,18.0,0.667,14.0,35.0,17.0,13.0,4.0,12.0,19.0
fordham,3,2022-11-15,H,New Hampshire,W,79.0,61.0,24.0,54.0,0.444,11.0,26.0,0.423,20.0,27.0,0.741,7.0,42.0,13.0,5.0,6.0,15.0,17.0,22.0,69.0,0.319,3.0,10.0,0.3,14.0,17.0,0.824,7.0,29.0,7.0,6.0,1.0,7.0,20.0
fordham,4,2022-11-19,H,UIC,W,79.0,65.0,28.0,54.0,0.519,11.0,23.0,0.478,12.0,19.0,0.632,6.0,26.0,15.0,8.0,4.0,12.0,13.0,25.0,55.0,0.455,6.0,17.0,0.353,9.0,11.0,0.818,5.0,24.0,9.0,6.0,3.0,13.0,22.0
fordham,5,2022-11-21,H,Holy Cross,W,67.0,53.0,19.0,44.0,0.432,8.0,23.0,0.348,21.0,26.0,0.808,5.0,37.0,13.0,10.0,5.0,16.0,16.0,19.0,58.0,0.328,4.0,17.0,0.235,11.0,14.0,0.786,7.0,27.0,11.0,8.0,2.0,14.0,19.0
fordham,6,2022-11-22,H,Stonehill,W,71.0,60.0,23.0,50.0,0.46,9.0,26.0,0.346,16.0,21.0,0.762,10.0,37.0,21.0,6.0,6.0,16.0,14.0,21.0,57.0,0.368,7.0,23.0,0.304,11.0,11.0,1.0,6.0,19.0,11.0,7.0,0.0,11.0,20.0
fordham,7,2022-11-27,H,Harvard,W,68.0,60.0,21.0,60.0,0.35,8.0,22.0,0.364,18.0,19.0,0.947,9.0,36.0,13.0,8.0,7.0,10.0,16.0,23.0,59.0,0.39,5.0,23.0,0.217,9.0,13.0,0.692,11.0,42.0,13.0,5.0,5.0,17.0,15.0
fordham,8,2022-11-30,H,Maine,W,72.0,67.0,24.0,52.0,0.462,7.0,23.0,0.304,17.0,23.0,0.739,10.0,33.0,11.0,7.0,3.0,12.0,14.0,25.0,55.0,0.455,9.0,24.0,0.375,8.0,13.0,0.615,5.0,23.0,11.0,8.0,1.0,15.0,20.0
fordham,9,2022-12-03,@,Tulane,W,95.0,90.0,32.0,71.0,0.451,10.0,29.0,0.345,21.0,29.0,0.724,13.0,40.0,16.0,7.0,9.0,11.0,26.0,27.0,62.0,0.435,7.0,22.0,0.318,29.0,34.0,0.853,5.0,28.0,17.0,4.0,5.0,14.0,20.0
fordham,10,2022-12-06,H,Wagner,W,72.0,59.0,23.0,50.0,0.46,6.0,22.0,0.273,20.0,24.0,0.833,3.0,32.0,13.0,4.0,9.0,10.0,16.0,23.0,57.0,0.404,5.0,16.0,0.313,8.0,16.0,0.5,5.0,27.0,14.0,4.0,2.0,8.0,21.0
fordham,11,2022-12-09,H,Binghamton,W,77.0,62.0,23.0,52.0,0.442,8.0,19.0,0.421,23.0,33.0,0.697,8.0,36.0,13.0,10.0,8.0,16.0,21.0,22.0,58.0,0.379,3.0,13.0,0.231,15.0,23.0,0.652,10.0,33.0,10.0,7.0,1.0,17.0,23.0
fordham,12,2022-12-11,H,Central Connecticut,W,90.0,77.0,30.0,53.0,0.566,12.0,24.0,0.5,18.0,21.0,0.857,11.0,34.0,17.0,5.0,6.0,17.0,18.0,28.0,62.0,0.452,7.0,17.0,0.412,14.0,15.0,0.933,8.0,17.0,8.0,7.0,2.0,9.0,18.0
fordham,13,2022-12-22,H,VMI,W (1 OT),80.0,77.0,24.0,69.0,0.348,11.0,39.0,0.282,21.0,22.0,0.955,11.0,41.0,16.0,11.0,6.0,16.0,15.0,29.0,64.0,0.453,12.0,26.0,0.462,7.0,10.0,0.7,4.0,37.0,9.0,10.0,1.0,19.0,20.0
fordham,14,2022-12-28,H,Davidson,L,43.0,57.0,16.0,63.0,0.254,3.0,31.0,0.097,8.0,14.0,0.571,7.0,31.0,9.0,8.0,9.0,7.0,21.0,18.0,52.0,0.346,3.0,12.0,0.25,18.0,26.0,0.692,10.0,50.0,8.0,2.0,1.0,15.0,19.0
fordham,15,2023-01-04,@,Rhode Island,L,79.0,82.0,26.0,56.0,0.464,8.0,23.0,0.348,19.0,24.0,0.792,10.0,32.0,10.0,5.0,3.0,14.0,26.0,26.0,59.0,0.441,8.0,21.0,0.381,22.0,30.0,0.733,11.0,32.0,17.0,6.0,4.0,13.0,21.0
fordham,16,2023-01-07,H,St. Joseph's,W,66.0,54.0,23.0,62.0,0.371,5.0,25.0,0.2,15.0,16.0,0.938,9.0,43.0,13.0,5.0,5.0,9.0,13.0,20.0,56.0,0.357,6.0,22.0,0.273,8.0,15.0,0.533,5.0,32.0,12.0,4.0,6.0,9.0,17.0
fordham,17,2023-01-10,H,Dayton,L,58.0,82.0,22.0,63.0,0.349,9.0,30.0,0.3,5.0,11.0,0.455,13.0,29.0,14.0,9.0,2.0,15.0,22.0,29.0,45.0,0.644,6.0,14.0,0.429,18.0,23.0,0.783,1.0,29.0,15.0,8.0,4.0,16.0,13.0
fordham,18,2023-01-14,@,La Salle,W,66.0,64.0,27.0,69.0,0.391,7.0,21.0,0.333,5.0,5.0,1.0,14.0,33.0,13.0,10.0,6.0,11.0,20.0,23.0,49.0,0.469,5.0,12.0,0.417,13.0,19.0,0.684,6.0,29.0,9.0,5.0,8.0,17.0,13.0
fordham,19,2023-01-21,@,Duquesne,W,65.0,58.0,23.0,60.0,0.383,5.0,15.0,0.333,14.0,22.0,0.636,12.0,39.0,12.0,6.0,7.0,14.0,21.0,19.0,62.0,0.306,3.0,16.0,0.188,17.0,22.0,0.773,17.0,41.0,5.0,10.0,4.0,13.0,21.0
fordham,20,2023-01-25,@,St. Bonaventure,W,79.0,68.0,23.0,53.0,0.434,8.0,24.0,0.333,25.0,36.0,0.694,7.0,31.0,12.0,7.0,1.0,10.0,25.0,18.0,47.0,0.383,7.0,19.0,0.368,25.0,31.0,0.806,8.0,30.0,11.0,5.0,3.0,13.0,28.0
fordham,21,2023-01-28,H,George Washington,W,85.0,70.0,30.0,64.0,0.469,9.0,24.0,0.375,16.0,20.0,0.8,6.0,30.0,18.0,14.0,5.0,8.0,16.0,26.0,56.0,0.464,5.0,20.0,0.25,13.0,21.0,0.619,6.0,33.0,9.0,8.0,1.0,17.0,12.0
fordham,22,2023-01-31,H,Saint Louis,W,75.0,65.0,25.0,60.0,0.417,5.0,23.0,0.217,20.0,24.0,0.833,9.0,33.0,11.0,14.0,5.0,11.0,22.0,24.0,57.0,0.421,2.0,8.0,0.25,15.0,20.0,0.75,8.0,31.0,5.0,4.0,2.0,15.0,18.0
fresno-state,1,2022-11-07,H,Fresno Pacific,W,69.0,56.0,23.0,52.0,0.442,5.0,21.0,0.238,18.0,26.0,0.692,7.0,28.0,11.0,8.0,3.0,13.0,14.0,21.0,45.0,0.467,8.0,18.0,0.444,6.0,11.0,0.545,4.0,27.0,10.0,7.0,2.0,24.0,23.0
fresno-state,2,2022-11-11,N,UCSB,L,54.0,61.0,19.0,42.0,0.452,4.0,12.0,0.333,12.0,17.0,0.706,2.0,24.0,9.0,4.0,4.0,14.0,15.0,22.0,61.0,0.361,4.0,16.0,0.25,13.0,15.0,0.867,11.0,35.0,12.0,7.0,2.0,8.0,15.0
fresno-state,3,2022-11-16,H,San Francisco,L,60.0,67.0,20.0,59.0,0.339,3.0,14.0,0.214,17.0,20.0,0.85,11.0,35.0,7.0,5.0,2.0,11.0,15.0,24.0,63.0,0.381,10.0,37.0,0.27,9.0,12.0,0.75,11.0,37.0,13.0,6.0,6.0,13.0,20.0
fresno-state,4,2022-11-19,@,North Texas,L,52.0,61.0,19.0,44.0,0.432,4.0,18.0,0.222,10.0,17.0,0.588,4.0,22.0,6.0,5.0,2.0,13.0,22.0,16.0,46.0,0.348,9.0,32.0,0.281,20.0,28.0,0.714,10.0,34.0,9.0,5.0,2.0,10.0,17.0
fresno-state,5,2022-11-23,N,Washington,L,57.0,62.0,23.0,61.0,0.377,6.0,26.0,0.231,5.0,8.0,0.625,14.0,40.0,14.0,5.0,3.0,20.0,20.0,22.0,58.0,0.379,5.0,23.0,0.217,13.0,18.0,0.722,7.0,30.0,6.0,10.0,6.0,14.0,15.0
fresno-state,6,2022-11-24,N,Vanderbilt,L,59.0,67.0,23.0,66.0,0.348,4.0,23.0,0.174,9.0,12.0,0.75,11.0,38.0,14.0,6.0,2.0,7.0,20.0,22.0,54.0,0.407,8.0,23.0,0.348,15.0,22.0,0.682,8.0,33.0,12.0,3.0,9.0,8.0,17.0
fresno-state,7,2022-12-03,@,UC-Irvine,W,80.0,66.0,32.0,60.0,0.533,6.0,18.0,0.333,10.0,12.0,0.833,8.0,32.0,16.0,6.0,9.0,9.0,12.0,27.0,61.0,0.443,4.0,14.0,0.286,8.0,9.0,0.889,7.0,23.0,12.0,6.0,2.0,10.0,16.0
fresno-state,8,2022-12-07,H,Cal State Northridge,W,65.0,56.0,20.0,45.0,0.444,8.0,26.0,0.308,17.0,23.0,0.739,6.0,30.0,13.0,6.0,2.0,13.0,15.0,21.0,52.0,0.404,7.0,20.0,0.35,7.0,11.0,0.636,9.0,30.0,11.0,8.0,1.0,13.0,21.0
fresno-state,9,2022-12-10,@,Pacific,L,72.0,76.0,27.0,52.0,0.519,8.0,24.0,0.333,10.0,16.0,0.625,7.0,20.0,11.0,6.0,4.0,13.0,16.0,26.0,54.0,0.481,11.0,23.0,0.478,13.0,16.0,0.813,6.0,24.0,13.0,6.0,2.0,13.0,16.0
fresno-state,10,2022-12-17,H,Sacramento State,L,53.0,59.0,23.0,50.0,0.46,5.0,12.0,0.417,2.0,4.0,0.5,2.0,21.0,8.0,6.0,4.0,12.0,14.0,23.0,46.0,0.5,6.0,13.0,0.462,7.0,9.0,0.778,5.0,31.0,11.0,7.0,1.0,14.0,13.0
fresno-state,11,2022-12-20,@,Cal State Bakersfield,W,56.0,48.0,19.0,48.0,0.396,11.0,31.0,0.355,7.0,8.0,0.875,6.0,23.0,15.0,7.0,4.0,9.0,15.0,13.0,44.0,0.295,2.0,7.0,0.286,20.0,22.0,0.909,11.0,31.0,6.0,3.0,1.0,15.0,16.0
fresno-state,12,2022-12-28,H,Wyoming,W,58.0,53.0,22.0,60.0,0.367,7.0,31.0,0.226,7.0,9.0,0.778,10.0,33.0,12.0,9.0,3.0,6.0,14.0,19.0,44.0,0.432,7.0,24.0,0.292,8.0,15.0,0.533,3.0,30.0,7.0,3.0,1.0,11.0,12.0
fresno-state,13,2022-12-31,@,Utah State,L,54.0,67.0,19.0,51.0,0.373,4.0,20.0,0.2,12.0,13.0,0.923,4.0,22.0,8.0,7.0,3.0,12.0,24.0,20.0,46.0,0.435,7.0,19.0,0.368,20.0,27.0,0.741,7.0,32.0,11.0,5.0,2.0,14.0,16.0
fresno-state,14,2023-01-03,H,New Mexico,W,71.0,67.0,26.0,52.0,0.5,7.0,21.0,0.333,12.0,16.0,0.75,5.0,30.0,15.0,9.0,3.0,15.0,17.0,27.0,57.0,0.474,4.0,10.0,0.4,9.0,11.0,0.818,6.0,28.0,6.0,11.0,1.0,16.0,15.0
fresno-state,15,2023-01-07,@,Colorado State,L,57.0,79.0,19.0,49.0,0.388,8.0,23.0,0.348,11.0,15.0,0.733,5.0,27.0,15.0,0.0,1.0,10.0,11.0,29.0,53.0,0.547,14.0,29.0,0.483,7.0,11.0,0.636,2.0,25.0,26.0,5.0,2.0,6.0,16.0
fresno-state,16,2023-01-10,@,San Jose State,L,64.0,74.0,23.0,53.0,0.434,10.0,19.0,0.526,8.0,9.0,0.889,3.0,22.0,14.0,6.0,2.0,7.0,11.0,31.0,57.0,0.544,12.0,29.0,0.414,0.0,5.0,0.0,9.0,33.0,21.0,4.0,5.0,11.0,10.0
fresno-state,17,2023-01-14,H,Air Force,L,48.0,51.0,20.0,53.0,0.377,2.0,15.0,0.133,6.0,7.0,0.857,10.0,33.0,4.0,6.0,6.0,11.0,9.0,17.0,54.0,0.315,9.0,25.0,0.36,8.0,9.0,0.889,9.0,30.0,15.0,4.0,3.0,10.0,11.0
fresno-state,18,2023-01-21,H,UNLV,W,76.0,63.0,25.0,46.0,0.543,9.0,19.0,0.474,17.0,22.0,0.773,6.0,29.0,16.0,4.0,5.0,10.0,19.0,21.0,51.0,0.412,6.0,15.0,0.4,15.0,22.0,0.682,8.0,20.0,10.0,5.0,3.0,7.0,18.0
fresno-state,19,2023-01-24,@,Boise State,L,53.0,63.0,22.0,56.0,0.393,2.0,25.0,0.08,7.0,14.0,0.5,6.0,27.0,9.0,8.0,4.0,11.0,13.0,22.0,45.0,0.489,7.0,13.0,0.538,12.0,13.0,0.923,1.0,27.0,6.0,4.0,1.0,18.0,13.0
fresno-state,20,2023-01-28,H,Utah State,L,53.0,70.0,19.0,55.0,0.345,7.0,23.0,0.304,8.0,10.0,0.8,6.0,22.0,8.0,4.0,2.0,5.0,17.0,23.0,50.0,0.46,6.0,18.0,0.333,18.0,20.0,0.9,11.0,39.0,14.0,4.0,4.0,11.0,14.0
fresno-state,21,2023-01-31,@,Wyoming,L,62.0,85.0,22.0,58.0,0.379,7.0,25.0,0.28,11.0,14.0,0.786,6.0,18.0,13.0,11.0,1.0,6.0,17.0,29.0,57.0,0.509,13.0,28.0,0.464,14.0,14.0,1.0,13.0,43.0,16.0,2.0,5.0,18.0,20.0
fresno-state,22,2023-02-03,@,UNLV,W,82.0,79.0,25.0,51.0,0.49,9.0,17.0,0.529,23.0,30.0,0.767,11.0,29.0,12.0,7.0,0.0,15.0,26.0,25.0,54.0,0.463,6.0,16.0,0.375,23.0,28.0,0.821,12.0,27.0,13.0,9.0,6.0,13.0,23.0
furman,1,2022-11-07,H,North Greenville,W,91.0,55.0,36.0,67.0,0.537,5.0,25.0,0.2,14.0,18.0,0.778,6.0,39.0,20.0,15.0,4.0,13.0,13.0,22.0,65.0,0.338,4.0,15.0,0.267,7.0,11.0,0.636,8.0,33.0,11.0,8.0,3.0,21.0,15.0
furman,2,2022-11-11,H,Belmont,W,89.0,74.0,35.0,60.0,0.583,8.0,19.0,0.421,11.0,15.0,0.733,8.0,38.0,20.0,5.0,3.0,14.0,16.0,29.0,64.0,0.453,12.0,31.0,0.387,4.0,13.0,0.308,7.0,20.0,9.0,8.0,3.0,8.0,15.0
furman,3,2022-11-17,N,Penn State,L,68.0,73.0,27.0,64.0,0.422,11.0,34.0,0.324,3.0,7.0,0.429,12.0,38.0,14.0,4.0,5.0,10.0,14.0,27.0,59.0,0.458,11.0,27.0,0.407,8.0,9.0,0.889,6.0,30.0,16.0,3.0,2.0,8.0,12.0
furman,4,2022-11-18,N,Old Dominion,L,77.0,82.0,27.0,59.0,0.458,12.0,33.0,0.364,11.0,17.0,0.647,2.0,18.0,16.0,10.0,1.0,11.0,19.0,31.0,48.0,0.646,7.0,13.0,0.538,13.0,22.0,0.591,4.0,34.0,15.0,5.0,1.0,18.0,15.0
furman,5,2022-11-20,N,South Carolina,W,79.0,60.0,30.0,59.0,0.508,12.0,27.0,0.444,7.0,9.0,0.778,9.0,30.0,22.0,9.0,3.0,12.0,15.0,22.0,49.0,0.449,7.0,22.0,0.318,9.0,16.0,0.563,5.0,24.0,13.0,3.0,3.0,17.0,10.0
furman,6,2022-11-25,H,Tusculum,W,102.0,74.0,39.0,65.0,0.6,11.0,19.0,0.579,13.0,15.0,0.867,9.0,34.0,24.0,8.0,2.0,14.0,9.0,30.0,66.0,0.455,12.0,31.0,0.387,2.0,4.0,0.5,8.0,20.0,18.0,9.0,4.0,16.0,14.0
furman,7,2022-11-29,@,Appalachian State,W,65.0,61.0,24.0,63.0,0.381,7.0,29.0,0.241,10.0,12.0,0.833,9.0,36.0,18.0,10.0,2.0,10.0,16.0,22.0,51.0,0.431,5.0,20.0,0.25,12.0,18.0,0.667,4.0,33.0,7.0,4.0,6.0,17.0,14.0
furman,8,2022-12-03,H,South Carolina State,W,88.0,76.0,32.0,57.0,0.561,8.0,22.0,0.364,16.0,19.0,0.842,7.0,31.0,22.0,9.0,4.0,20.0,15.0,31.0,66.0,0.47,4.0,16.0,0.25,10.0,13.0,0.769,9.0,27.0,21.0,12.0,5.0,17.0,18.0
furman,9,2022-12-06,H,High Point,L,82.0,85.0,32.0,70.0,0.457,9.0,32.0,0.281,9.0,12.0,0.75,7.0,24.0,18.0,6.0,5.0,5.0,16.0,32.0,54.0,0.593,11.0,17.0,0.647,10.0,18.0,0.556,3.0,31.0,11.0,2.0,2.0,13.0,12.0
furman,10,2022-12-10,H,Winthrop,W,82.0,67.0,32.0,59.0,0.542,8.0,22.0,0.364,10.0,17.0,0.588,11.0,33.0,19.0,9.0,4.0,12.0,20.0,24.0,49.0,0.49,5.0,21.0,0.238,14.0,16.0,0.875,3.0,21.0,12.0,3.0,3.0,14.0,14.0
furman,11,2022-12-13,@,NC State,L,73.0,92.0,27.0,62.0,0.435,9.0,32.0,0.281,10.0,17.0,0.588,10.0,37.0,18.0,11.0,3.0,20.0,18.0,31.0,66.0,0.47,12.0,31.0,0.387,18.0,24.0,0.75,13.0,38.0,16.0,17.0,4.0,14.0,16.0
furman,12,2022-12-17,N,Stephen F. Austin,W,72.0,70.0,24.0,46.0,0.522,6.0,21.0,0.286,18.0,21.0,0.857,7.0,32.0,14.0,5.0,4.0,18.0,21.0,24.0,58.0,0.414,8.0,20.0,0.4,14.0,23.0,0.609,13.0,28.0,15.0,11.0,1.0,12.0,18.0
furman,13,2022-12-19,H,Anderson (SC),W,106.0,79.0,35.0,69.0,0.507,17.0,44.0,0.386,19.0,24.0,0.792,10.0,34.0,29.0,11.0,7.0,8.0,13.0,31.0,63.0,0.492,10.0,25.0,0.4,7.0,10.0,0.7,6.0,30.0,12.0,5.0,2.0,16.0,16.0
furman,14,2022-12-29,H,VMI,W,85.0,62.0,30.0,64.0,0.469,16.0,40.0,0.4,9.0,16.0,0.563,8.0,37.0,25.0,5.0,3.0,10.0,15.0,23.0,61.0,0.377,5.0,17.0,0.294,11.0,11.0,1.0,6.0,31.0,13.0,6.0,2.0,9.0,14.0
furman,15,2022-12-31,@,Western Carolina,L,67.0,79.0,24.0,49.0,0.49,8.0,23.0,0.348,11.0,18.0,0.611,5.0,21.0,13.0,7.0,2.0,12.0,17.0,28.0,54.0,0.519,10.0,22.0,0.455,13.0,16.0,0.813,10.0,32.0,12.0,4.0,0.0,13.0,17.0
furman,16,2023-01-04,H,The Citadel,W,97.0,72.0,32.0,55.0,0.582,12.0,26.0,0.462,21.0,24.0,0.875,4.0,36.0,23.0,4.0,2.0,11.0,23.0,24.0,59.0,0.407,6.0,18.0,0.333,18.0,30.0,0.6,4.0,22.0,10.0,6.0,3.0,7.0,16.0
furman,17,2023-01-07,@,ETSU,W,70.0,56.0,25.0,60.0,0.417,11.0,34.0,0.324,9.0,10.0,0.9,10.0,35.0,15.0,7.0,2.0,10.0,17.0,20.0,60.0,0.333,3.0,21.0,0.143,13.0,16.0,0.813,15.0,39.0,7.0,6.0,3.0,15.0,16.0
furman,18,2023-01-11,@,Mercer,W,84.0,66.0,28.0,54.0,0.519,10.0,16.0,0.625,18.0,24.0,0.75,7.0,26.0,15.0,3.0,1.0,7.0,16.0,26.0,62.0,0.419,3.0,15.0,0.2,11.0,15.0,0.733,15.0,36.0,9.0,5.0,1.0,11.0,23.0
furman,19,2023-01-14,H,UNC Greensboro,L (1 OT),80.0,88.0,27.0,60.0,0.45,9.0,26.0,0.346,17.0,20.0,0.85,6.0,30.0,9.0,5.0,4.0,13.0,29.0,24.0,53.0,0.453,7.0,14.0,0.5,33.0,41.0,0.805,7.0,35.0,15.0,9.0,1.0,10.0,18.0
furman,20,2023-01-18,@,Chattanooga,W,77.0,69.0,25.0,58.0,0.431,7.0,27.0,0.259,20.0,25.0,0.8,9.0,30.0,8.0,3.0,2.0,9.0,20.0,22.0,54.0,0.407,8.0,29.0,0.276,17.0,25.0,0.68,10.0,32.0,7.0,5.0,4.0,14.0,19.0
furman,21,2023-01-22,@,Wofford,W,96.0,82.0,31.0,62.0,0.5,11.0,31.0,0.355,23.0,29.0,0.793,11.0,37.0,10.0,2.0,1.0,8.0,18.0,31.0,63.0,0.492,8.0,21.0,0.381,12.0,17.0,0.706,7.0,29.0,10.0,5.0,3.0,5.0,21.0
furman,22,2023-01-25,H,Samford,W (1 OT),91.0,84.0,28.0,70.0,0.4,8.0,34.0,0.235,27.0,34.0,0.794,15.0,38.0,18.0,9.0,3.0,7.0,20.0,32.0,59.0,0.542,7.0,21.0,0.333,13.0,19.0,0.684,4.0,32.0,11.0,5.0,4.0,15.0,26.0
furman,23,2023-01-29,@,UNC Greensboro,W,69.0,57.0,23.0,47.0,0.489,8.0,17.0,0.471,15.0,26.0,0.577,5.0,27.0,13.0,7.0,1.0,9.0,17.0,23.0,53.0,0.434,2.0,12.0,0.167,9.0,14.0,0.643,5.0,27.0,10.0,4.0,2.0,12.0,23.0
furman,24,2023-02-01,H,Chattanooga,W,79.0,58.0,26.0,63.0,0.413,7.0,28.0,0.25,20.0,25.0,0.8,18.0,49.0,19.0,6.0,6.0,13.0,16.0,20.0,60.0,0.333,9.0,23.0,0.391,9.0,16.0,0.563,9.0,27.0,11.0,6.0,4.0,12.0,22.0
furman,25,2023-02-04,H,Wofford,W,80.0,67.0,31.0,66.0,0.47,10.0,29.0,0.345,8.0,9.0,0.889,12.0,33.0,15.0,8.0,3.0,6.0,13.0,25.0,50.0,0.5,7.0,18.0,0.389,10.0,17.0,0.588,5.0,27.0,11.0,3.0,2.0,14.0,6.0
gardner-webb,1,2022-11-07,@,Colorado State,L,63.0,65.0,23.0,54.0,0.426,7.0,22.0,0.318,10.0,16.0,0.625,6.0,30.0,8.0,10.0,4.0,15.0,21.0,22.0,44.0,0.5,7.0,13.0,0.538,14.0,21.0,0.667,1.0,27.0,13.0,4.0,3.0,16.0,17.0
gardner-webb,2,2022-11-10,@,Stephen F. Austin,L,71.0,86.0,23.0,47.0,0.489,7.0,18.0,0.389,18.0,27.0,0.667,8.0,24.0,14.0,2.0,5.0,18.0,24.0,29.0,59.0,0.492,8.0,16.0,0.5,20.0,25.0,0.8,11.0,29.0,18.0,9.0,3.0,12.0,24.0
gardner-webb,3,2022-11-15,@,UNC,L,66.0,72.0,26.0,63.0,0.413,7.0,20.0,0.35,7.0,10.0,0.7,5.0,35.0,13.0,7.0,4.0,11.0,19.0,23.0,60.0,0.383,8.0,25.0,0.32,18.0,21.0,0.857,6.0,36.0,8.0,4.0,8.0,10.0,14.0
gardner-webb,4,2022-11-18,@,Wofford,L,58.0,60.0,24.0,51.0,0.471,5.0,16.0,0.313,5.0,6.0,0.833,8.0,30.0,4.0,1.0,7.0,17.0,22.0,16.0,57.0,0.281,3.0,19.0,0.158,25.0,31.0,0.806,9.0,26.0,7.0,7.0,2.0,4.0,9.0
gardner-webb,5,2022-11-19,N,North Carolina A&T,W,66.0,64.0,25.0,50.0,0.5,6.0,17.0,0.353,10.0,17.0,0.588,4.0,24.0,9.0,9.0,2.0,13.0,12.0,26.0,51.0,0.51,8.0,22.0,0.364,4.0,6.0,0.667,4.0,27.0,14.0,4.0,4.0,17.0,16.0
gardner-webb,6,2022-11-26,@,North Carolina Central,L,53.0,58.0,19.0,54.0,0.352,4.0,18.0,0.222,11.0,21.0,0.524,11.0,39.0,13.0,6.0,12.0,15.0,15.0,21.0,58.0,0.362,6.0,18.0,0.333,10.0,12.0,0.833,7.0,31.0,9.0,6.0,1.0,13.0,16.0
gardner-webb,7,2022-11-30,@,Western Carolina,W,71.0,55.0,27.0,56.0,0.482,4.0,16.0,0.25,13.0,18.0,0.722,9.0,31.0,7.0,4.0,3.0,7.0,18.0,15.0,44.0,0.341,7.0,23.0,0.304,18.0,24.0,0.75,4.0,26.0,9.0,5.0,2.0,10.0,15.0
gardner-webb,8,2022-12-03,H,Chattanooga,L,71.0,82.0,25.0,60.0,0.417,8.0,21.0,0.381,13.0,19.0,0.684,7.0,27.0,14.0,14.0,3.0,10.0,26.0,23.0,47.0,0.489,12.0,27.0,0.444,24.0,31.0,0.774,5.0,29.0,14.0,5.0,5.0,18.0,17.0
gardner-webb,9,2022-12-10,@,Old Dominion,L,43.0,44.0,15.0,54.0,0.278,2.0,20.0,0.1,11.0,15.0,0.733,13.0,48.0,7.0,8.0,7.0,21.0,21.0,15.0,57.0,0.263,5.0,20.0,0.25,9.0,22.0,0.409,14.0,40.0,8.0,11.0,4.0,14.0,16.0
gardner-webb,10,2022-12-14,H,Carolina,W,120.0,44.0,50.0,79.0,0.633,13.0,29.0,0.448,7.0,9.0,0.778,11.0,49.0,32.0,11.0,9.0,9.0,15.0,13.0,57.0,0.228,5.0,25.0,0.2,13.0,21.0,0.619,5.0,22.0,5.0,8.0,0.0,20.0,11.0
gardner-webb,11,2022-12-17,H,North Carolina Central,W,72.0,70.0,26.0,54.0,0.481,4.0,15.0,0.267,16.0,27.0,0.593,10.0,29.0,12.0,8.0,9.0,16.0,21.0,26.0,55.0,0.473,5.0,13.0,0.385,13.0,18.0,0.722,6.0,25.0,16.0,9.0,1.0,17.0,26.0
gardner-webb,12,2022-12-19,H,Bob Jones University,W,116.0,55.0,45.0,74.0,0.608,8.0,20.0,0.4,18.0,31.0,0.581,17.0,55.0,28.0,10.0,6.0,10.0,20.0,15.0,56.0,0.268,3.0,17.0,0.176,22.0,28.0,0.786,6.0,20.0,7.0,5.0,1.0,19.0,22.0
gardner-webb,13,2022-12-29,H,Charleston Southern,W,83.0,63.0,33.0,65.0,0.508,7.0,23.0,0.304,10.0,11.0,0.909,16.0,33.0,12.0,10.0,4.0,13.0,19.0,20.0,48.0,0.417,6.0,19.0,0.316,17.0,24.0,0.708,7.0,21.0,7.0,9.0,4.0,16.0,15.0
gardner-webb,14,2022-12-31,@,High Point,W,80.0,73.0,30.0,64.0,0.469,7.0,18.0,0.389,13.0,19.0,0.684,9.0,38.0,19.0,7.0,7.0,10.0,18.0,24.0,69.0,0.348,8.0,27.0,0.296,17.0,24.0,0.708,12.0,37.0,12.0,6.0,6.0,9.0,17.0
gardner-webb,15,2023-01-04,@,Campbell,L,58.0,63.0,24.0,56.0,0.429,6.0,21.0,0.286,4.0,11.0,0.364,4.0,28.0,11.0,6.0,3.0,9.0,20.0,20.0,47.0,0.426,8.0,24.0,0.333,15.0,23.0,0.652,5.0,34.0,17.0,5.0,3.0,11.0,14.0
gardner-webb,16,2023-01-07,H,Radford,L,59.0,63.0,21.0,47.0,0.447,6.0,20.0,0.3,11.0,13.0,0.846,4.0,21.0,11.0,8.0,5.0,11.0,16.0,24.0,51.0,0.471,5.0,15.0,0.333,10.0,12.0,0.833,8.0,26.0,7.0,6.0,1.0,11.0,13.0
gardner-webb,17,2023-01-11,@,Presbyterian,W (1 OT),79.0,78.0,29.0,58.0,0.5,12.0,24.0,0.5,9.0,21.0,0.429,10.0,32.0,17.0,6.0,6.0,14.0,18.0,26.0,49.0,0.531,9.0,19.0,0.474,17.0,25.0,0.68,2.0,24.0,15.0,9.0,1.0,12.0,19.0
gardner-webb,18,2023-01-14,H,UNC Asheville,L (1 OT),67.0,72.0,23.0,64.0,0.359,4.0,19.0,0.211,17.0,29.0,0.586,9.0,34.0,7.0,9.0,3.0,9.0,26.0,20.0,50.0,0.4,11.0,27.0,0.407,21.0,32.0,0.656,6.0,39.0,11.0,2.0,9.0,14.0,24.0
gardner-webb,19,2023-01-18,@,Longwood,L,59.0,64.0,21.0,48.0,0.438,10.0,24.0,0.417,7.0,10.0,0.7,4.0,22.0,13.0,5.0,3.0,17.0,14.0,27.0,55.0,0.491,3.0,14.0,0.214,7.0,11.0,0.636,5.0,23.0,9.0,8.0,0.0,14.0,12.0
gardner-webb,20,2023-01-21,@,Winthrop,W,63.0,61.0,24.0,54.0,0.444,5.0,12.0,0.417,10.0,23.0,0.435,8.0,28.0,12.0,8.0,4.0,6.0,25.0,16.0,43.0,0.372,5.0,17.0,0.294,24.0,30.0,0.8,9.0,40.0,7.0,3.0,2.0,15.0,21.0
gardner-webb,21,2023-01-25,H,USC Upstate,W,78.0,66.0,27.0,45.0,0.6,7.0,14.0,0.5,17.0,24.0,0.708,2.0,20.0,15.0,6.0,1.0,11.0,17.0,24.0,44.0,0.545,7.0,20.0,0.35,11.0,15.0,0.733,4.0,21.0,11.0,4.0,1.0,15.0,20.0
gardner-webb,22,2023-01-28,H,High Point,W,86.0,58.0,35.0,65.0,0.538,7.0,21.0,0.333,9.0,15.0,0.6,8.0,26.0,18.0,11.0,0.0,6.0,17.0,22.0,42.0,0.524,7.0,21.0,0.333,7.0,17.0,0.412,6.0,27.0,11.0,2.0,4.0,19.0,19.0
gardner-webb,23,2023-02-01,@,Charleston Southern,W,67.0,59.0,24.0,50.0,0.48,6.0,19.0,0.316,13.0,17.0,0.765,2.0,30.0,14.0,4.0,4.0,11.0,16.0,20.0,53.0,0.377,7.0,19.0,0.368,12.0,15.0,0.8,3.0,28.0,12.0,7.0,1.0,11.0,16.0
gardner-webb,24,2023-02-04,H,Presbyterian,W,56.0,48.0,21.0,51.0,0.412,4.0,14.0,0.286,10.0,21.0,0.476,6.0,35.0,12.0,5.0,5.0,7.0,16.0,15.0,54.0,0.278,6.0,25.0,0.24,12.0,17.0,0.706,6.0,34.0,7.0,2.0,4.0,11.0,17.0
